Source Type,Underlying,Tenor Swap,Tenor Option,Portfolio,Group,Risk,dRisk,Risk SP01,dRisk SP01,Risk PSP01,dRisk PSP01,Risk PM01,dRisk PM01,Risk PM01P,dRisk PM01P,Risk Theta,dRisk Theta,Risk JTD,dRisk JTD
fx/delta,FAKE_REPLACE_ME - EUR/USD,,,FAKE_REPLACE_ME - BOOK_A,G10,3041716,423592,,,,,,,,,,,,
fx/delta,FAKE_REPLACE_ME - EUR/USD,,,FAKE_REPLACE_ME - BOOK_B,G10,4979789,-248926,,,,,,,,,,,,
fx/delta,FAKE_REPLACE_ME - EUR/USD,,,FAKE_REPLACE_ME - BOOK_C,G10,4236120,526107,,,,,,,,,,,,
fx/delta,FAKE_REPLACE_ME - EUR/USD,,,FAKE_REPLACE_ME - BOOK_D,G10,365281,-355655,,,,,,,,,,,,
fx/delta,FAKE_REPLACE_ME - EUR/USD,,,FAKE_REPLACE_ME - BOOK_E,G10,1513356,-433477,,,,,,,,,,,,
fx/delta,FAKE_REPLACE_ME - EUR/USD,,,FAKE_REPLACE_ME - BOOK_UNMAPPED,G10,2958356,-278447,,,,,,,,,,,,
fx/delta,FAKE_REPLACE_ME - USD/JPY,,,FAKE_REPLACE_ME - BOOK_A,G10,-1328174,-109413,,,,,,,,,,,,
fx/delta,FAKE_REPLACE_ME - USD/JPY,,,FAKE_REPLACE_ME - BOOK_B,G10,-2839310,-443839,,,,,,,,,,,,
fx/delta,FAKE_REPLACE_ME - USD/JPY,,,FAKE_REPLACE_ME - BOOK_C,G10,2007903,356809,,,,,,,,,,,,
fx/delta,FAKE_REPLACE_ME - USD/JPY,,,FAKE_REPLACE_ME - BOOK_D,G10,1583935,-489251,,,,,,,,,,,,
fx/delta,FAKE_REPLACE_ME - USD/JPY,,,FAKE_REPLACE_ME - BOOK_E,G10,283641,75126,,,,,,,,,,,,
fx/delta,FAKE_REPLACE_ME - USD/JPY,,,FAKE_REPLACE_ME - BOOK_UNMAPPED,G10,1328977,-339296,,,,,,,,,,,,
fx/delta,FAKE_REPLACE_ME - GBP/USD,,,FAKE_REPLACE_ME - BOOK_A,G10,-1443041,522129,,,,,,,,,,,,
fx/delta,FAKE_REPLACE_ME - GBP/USD,,,FAKE_REPLACE_ME - BOOK_B,G10,-4697201,182187,,,,,,,,,,,,
fx/delta,FAKE_REPLACE_ME - GBP/USD,,,FAKE_REPLACE_ME - BOOK_C,G10,-1117430,-542498,,,,,,,,,,,,
fx/delta,FAKE_REPLACE_ME - GBP/USD,,,FAKE_REPLACE_ME - BOOK_D,G10,-4610718,-56494,,,,,,,,,,,,
fx/delta,FAKE_REPLACE_ME - GBP/USD,,,FAKE_REPLACE_ME - BOOK_E,G10,-4108143,-351510,,,,,,,,,,,,
fx/delta,FAKE_REPLACE_ME - GBP/USD,,,FAKE_REPLACE_ME - BOOK_UNMAPPED,G10,3923995,-30506,,,,,,,,,,,,
fx/gamma,FAKE_REPLACE_ME - EUR/USD,,,FAKE_REPLACE_ME - BOOK_A,G10,2029023,-247573,,,,,,,,,,,,
fx/gamma,FAKE_REPLACE_ME - EUR/USD,,,FAKE_REPLACE_ME - BOOK_B,G10,4116946,412527,,,,,,,,,,,,
fx/gamma,FAKE_REPLACE_ME - EUR/USD,,,FAKE_REPLACE_ME - BOOK_C,G10,-581427,48208,,,,,,,,,,,,
fx/gamma,FAKE_REPLACE_ME - EUR/USD,,,FAKE_REPLACE_ME - BOOK_D,G10,642640,-56529,,,,,,,,,,,,
fx/gamma,FAKE_REPLACE_ME - EUR/USD,,,FAKE_REPLACE_ME - BOOK_E,G10,2877871,238605,,,,,,,,,,,,
fx/gamma,FAKE_REPLACE_ME - EUR/USD,,,FAKE_REPLACE_ME - BOOK_UNMAPPED,G10,3330094,295844,,,,,,,,,,,,
fx/gamma,FAKE_REPLACE_ME - USD/JPY,,,FAKE_REPLACE_ME - BOOK_A,G10,-1057413,-102089,,,,,,,,,,,,
fx/gamma,FAKE_REPLACE_ME - USD/JPY,,,FAKE_REPLACE_ME - BOOK_B,G10,-2989779,-182451,,,,,,,,,,,,
fx/gamma,FAKE_REPLACE_ME - USD/JPY,,,FAKE_REPLACE_ME - BOOK_C,G10,3731386,403941,,,,,,,,,,,,
fx/gamma,FAKE_REPLACE_ME - USD/JPY,,,FAKE_REPLACE_ME - BOOK_D,G10,4973112,444270,,,,,,,,,,,,
fx/gamma,FAKE_REPLACE_ME - USD/JPY,,,FAKE_REPLACE_ME - BOOK_E,G10,-3208676,219837,,,,,,,,,,,,
fx/gamma,FAKE_REPLACE_ME - USD/JPY,,,FAKE_REPLACE_ME - BOOK_UNMAPPED,G10,477176,-216184,,,,,,,,,,,,
fx/gamma,FAKE_REPLACE_ME - GBP/USD,,,FAKE_REPLACE_ME - BOOK_A,G10,-4428226,-97833,,,,,,,,,,,,
fx/gamma,FAKE_REPLACE_ME - GBP/USD,,,FAKE_REPLACE_ME - BOOK_B,G10,-4748842,470876,,,,,,,,,,,,
fx/gamma,FAKE_REPLACE_ME - GBP/USD,,,FAKE_REPLACE_ME - BOOK_C,G10,-310152,250890,,,,,,,,,,,,
fx/gamma,FAKE_REPLACE_ME - GBP/USD,,,FAKE_REPLACE_ME - BOOK_D,G10,2700642,27747,,,,,,,,,,,,
fx/gamma,FAKE_REPLACE_ME - GBP/USD,,,FAKE_REPLACE_ME - BOOK_E,G10,4387041,-452462,,,,,,,,,,,,
fx/gamma,FAKE_REPLACE_ME - GBP/USD,,,FAKE_REPLACE_ME - BOOK_UNMAPPED,G10,-860174,-159329,,,,,,,,,,,,
fx/vega,FAKE_REPLACE_ME - EUR/USD Vol,FAKE_REPLACE_ME - 1M,,FAKE_REPLACE_ME - BOOK_A,G10,3384101,141651,,,,,,,,,,,,
fx/vega,FAKE_REPLACE_ME - EUR/USD Vol,FAKE_REPLACE_ME - 1M,,FAKE_REPLACE_ME - BOOK_B,G10,-3837330,185277,,,,,,,,,,,,
fx/vega,FAKE_REPLACE_ME - EUR/USD Vol,FAKE_REPLACE_ME - 1M,,FAKE_REPLACE_ME - BOOK_C,G10,2445963,269010,,,,,,,,,,,,
fx/vega,FAKE_REPLACE_ME - EUR/USD Vol,FAKE_REPLACE_ME - 1M,,FAKE_REPLACE_ME - BOOK_D,G10,3772237,363058,,,,,,,,,,,,
fx/vega,FAKE_REPLACE_ME - EUR/USD Vol,FAKE_REPLACE_ME - 1M,,FAKE_REPLACE_ME - BOOK_E,G10,-4076502,-24841,,,,,,,,,,,,
fx/vega,FAKE_REPLACE_ME - EUR/USD Vol,FAKE_REPLACE_ME - 1M,,FAKE_REPLACE_ME - BOOK_UNMAPPED,G10,-3869743,-313573,,,,,,,,,,,,
fx/vega,FAKE_REPLACE_ME - EUR/USD Vol,FAKE_REPLACE_ME - 3M,,FAKE_REPLACE_ME - BOOK_A,G10,2563136,-110148,,,,,,,,,,,,
fx/vega,FAKE_REPLACE_ME - EUR/USD Vol,FAKE_REPLACE_ME - 3M,,FAKE_REPLACE_ME - BOOK_B,G10,2516675,-266243,,,,,,,,,,,,
fx/vega,FAKE_REPLACE_ME - EUR/USD Vol,FAKE_REPLACE_ME - 3M,,FAKE_REPLACE_ME - BOOK_C,G10,936647,18059,,,,,,,,,,,,
fx/vega,FAKE_REPLACE_ME - EUR/USD Vol,FAKE_REPLACE_ME - 3M,,FAKE_REPLACE_ME - BOOK_D,G10,1236506,-164991,,,,,,,,,,,,
fx/vega,FAKE_REPLACE_ME - EUR/USD Vol,FAKE_REPLACE_ME - 3M,,FAKE_REPLACE_ME - BOOK_E,G10,3245799,-232198,,,,,,,,,,,,
fx/vega,FAKE_REPLACE_ME - EUR/USD Vol,FAKE_REPLACE_ME - 3M,,FAKE_REPLACE_ME - BOOK_UNMAPPED,G10,2578387,-298418,,,,,,,,,,,,
fx/vega,FAKE_REPLACE_ME - EUR/USD Vol,FAKE_REPLACE_ME - 6M,,FAKE_REPLACE_ME - BOOK_A,G10,-4307629,-214579,,,,,,,,,,,,
fx/vega,FAKE_REPLACE_ME - EUR/USD Vol,FAKE_REPLACE_ME - 6M,,FAKE_REPLACE_ME - BOOK_B,G10,-4186222,-260930,,,,,,,,,,,,
fx/vega,FAKE_REPLACE_ME - EUR/USD Vol,FAKE_REPLACE_ME - 6M,,FAKE_REPLACE_ME - BOOK_C,G10,952353,277268,,,,,,,,,,,,
fx/vega,FAKE_REPLACE_ME - EUR/USD Vol,FAKE_REPLACE_ME - 6M,,FAKE_REPLACE_ME - BOOK_D,G10,3335707,-198435,,,,,,,,,,,,
fx/vega,FAKE_REPLACE_ME - EUR/USD Vol,FAKE_REPLACE_ME - 6M,,FAKE_REPLACE_ME - BOOK_E,G10,2024570,405743,,,,,,,,,,,,
fx/vega,FAKE_REPLACE_ME - EUR/USD Vol,FAKE_REPLACE_ME - 6M,,FAKE_REPLACE_ME - BOOK_UNMAPPED,G10,2678693,92945,,,,,,,,,,,,
fx/vega,FAKE_REPLACE_ME - USD/JPY Vol,FAKE_REPLACE_ME - 1M,,FAKE_REPLACE_ME - BOOK_A,G10,2972002,-31210,,,,,,,,,,,,
fx/vega,FAKE_REPLACE_ME - USD/JPY Vol,FAKE_REPLACE_ME - 1M,,FAKE_REPLACE_ME - BOOK_B,G10,-2042900,-367229,,,,,,,,,,,,
fx/vega,FAKE_REPLACE_ME - USD/JPY Vol,FAKE_REPLACE_ME - 1M,,FAKE_REPLACE_ME - BOOK_C,G10,678913,199126,,,,,,,,,,,,
fx/vega,FAKE_REPLACE_ME - USD/JPY Vol,FAKE_REPLACE_ME - 1M,,FAKE_REPLACE_ME - BOOK_D,G10,-1786479,-541464,,,,,,,,,,,,
fx/vega,FAKE_REPLACE_ME - USD/JPY Vol,FAKE_REPLACE_ME - 1M,,FAKE_REPLACE_ME - BOOK_E,G10,1744375,-239328,,,,,,,,,,,,
fx/vega,FAKE_REPLACE_ME - USD/JPY Vol,FAKE_REPLACE_ME - 1M,,FAKE_REPLACE_ME - BOOK_UNMAPPED,G10,1740902,-541836,,,,,,,,,,,,
fx/vega,FAKE_REPLACE_ME - USD/JPY Vol,FAKE_REPLACE_ME - 3M,,FAKE_REPLACE_ME - BOOK_A,G10,-1118796,197603,,,,,,,,,,,,
fx/vega,FAKE_REPLACE_ME - USD/JPY Vol,FAKE_REPLACE_ME - 3M,,FAKE_REPLACE_ME - BOOK_B,G10,2816863,-309150,,,,,,,,,,,,
fx/vega,FAKE_REPLACE_ME - USD/JPY Vol,FAKE_REPLACE_ME - 3M,,FAKE_REPLACE_ME - BOOK_C,G10,-471264,247233,,,,,,,,,,,,
fx/vega,FAKE_REPLACE_ME - USD/JPY Vol,FAKE_REPLACE_ME - 3M,,FAKE_REPLACE_ME - BOOK_D,G10,2792622,-349109,,,,,,,,,,,,
fx/vega,FAKE_REPLACE_ME - USD/JPY Vol,FAKE_REPLACE_ME - 3M,,FAKE_REPLACE_ME - BOOK_E,G10,3543382,269287,,,,,,,,,,,,
fx/vega,FAKE_REPLACE_ME - USD/JPY Vol,FAKE_REPLACE_ME - 3M,,FAKE_REPLACE_ME - BOOK_UNMAPPED,G10,3449190,23211,,,,,,,,,,,,
fx/vega,FAKE_REPLACE_ME - USD/JPY Vol,FAKE_REPLACE_ME - 6M,,FAKE_REPLACE_ME - BOOK_A,G10,3612917,521248,,,,,,,,,,,,
fx/vega,FAKE_REPLACE_ME - USD/JPY Vol,FAKE_REPLACE_ME - 6M,,FAKE_REPLACE_ME - BOOK_B,G10,3412475,-215686,,,,,,,,,,,,
fx/vega,FAKE_REPLACE_ME - USD/JPY Vol,FAKE_REPLACE_ME - 6M,,FAKE_REPLACE_ME - BOOK_C,G10,-466813,266066,,,,,,,,,,,,
fx/vega,FAKE_REPLACE_ME - USD/JPY Vol,FAKE_REPLACE_ME - 6M,,FAKE_REPLACE_ME - BOOK_D,G10,3058121,-245353,,,,,,,,,,,,
fx/vega,FAKE_REPLACE_ME - USD/JPY Vol,FAKE_REPLACE_ME - 6M,,FAKE_REPLACE_ME - BOOK_E,G10,-2880969,-17129,,,,,,,,,,,,
fx/vega,FAKE_REPLACE_ME - USD/JPY Vol,FAKE_REPLACE_ME - 6M,,FAKE_REPLACE_ME - BOOK_UNMAPPED,G10,-3713488,379823,,,,,,,,,,,,
fx/vega,FAKE_REPLACE_ME - GBP/USD Vol,FAKE_REPLACE_ME - 1M,,FAKE_REPLACE_ME - BOOK_A,G10,-2188423,250721,,,,,,,,,,,,
fx/vega,FAKE_REPLACE_ME - GBP/USD Vol,FAKE_REPLACE_ME - 1M,,FAKE_REPLACE_ME - BOOK_B,G10,2232762,-399840,,,,,,,,,,,,
fx/vega,FAKE_REPLACE_ME - GBP/USD Vol,FAKE_REPLACE_ME - 1M,,FAKE_REPLACE_ME - BOOK_C,G10,4392170,-467543,,,,,,,,,,,,
fx/vega,FAKE_REPLACE_ME - GBP/USD Vol,FAKE_REPLACE_ME - 1M,,FAKE_REPLACE_ME - BOOK_D,G10,1227187,125143,,,,,,,,,,,,
fx/vega,FAKE_REPLACE_ME - GBP/USD Vol,FAKE_REPLACE_ME - 1M,,FAKE_REPLACE_ME - BOOK_E,G10,1183641,119724,,,,,,,,,,,,
fx/vega,FAKE_REPLACE_ME - GBP/USD Vol,FAKE_REPLACE_ME - 1M,,FAKE_REPLACE_ME - BOOK_UNMAPPED,G10,2208332,120454,,,,,,,,,,,,
fx/vega,FAKE_REPLACE_ME - GBP/USD Vol,FAKE_REPLACE_ME - 3M,,FAKE_REPLACE_ME - BOOK_A,G10,-4422823,291722,,,,,,,,,,,,
fx/vega,FAKE_REPLACE_ME - GBP/USD Vol,FAKE_REPLACE_ME - 3M,,FAKE_REPLACE_ME - BOOK_B,G10,-369260,-421681,,,,,,,,,,,,
fx/vega,FAKE_REPLACE_ME - GBP/USD Vol,FAKE_REPLACE_ME - 3M,,FAKE_REPLACE_ME - BOOK_C,G10,439988,84166,,,,,,,,,,,,
fx/vega,FAKE_REPLACE_ME - GBP/USD Vol,FAKE_REPLACE_ME - 3M,,FAKE_REPLACE_ME - BOOK_D,G10,-1252633,286369,,,,,,,,,,,,
fx/vega,FAKE_REPLACE_ME - GBP/USD Vol,FAKE_REPLACE_ME - 3M,,FAKE_REPLACE_ME - BOOK_E,G10,1478503,359513,,,,,,,,,,,,
fx/vega,FAKE_REPLACE_ME - GBP/USD Vol,FAKE_REPLACE_ME - 3M,,FAKE_REPLACE_ME - BOOK_UNMAPPED,G10,4144274,-325027,,,,,,,,,,,,
fx/vega,FAKE_REPLACE_ME - GBP/USD Vol,FAKE_REPLACE_ME - 6M,,FAKE_REPLACE_ME - BOOK_A,G10,2197933,45734,,,,,,,,,,,,
fx/vega,FAKE_REPLACE_ME - GBP/USD Vol,FAKE_REPLACE_ME - 6M,,FAKE_REPLACE_ME - BOOK_B,G10,-3089620,-121550,,,,,,,,,,,,
fx/vega,FAKE_REPLACE_ME - GBP/USD Vol,FAKE_REPLACE_ME - 6M,,FAKE_REPLACE_ME - BOOK_C,G10,-2565097,520410,,,,,,,,,,,,
fx/vega,FAKE_REPLACE_ME - GBP/USD Vol,FAKE_REPLACE_ME - 6M,,FAKE_REPLACE_ME - BOOK_D,G10,4386161,-120579,,,,,,,,,,,,
fx/vega,FAKE_REPLACE_ME - GBP/USD Vol,FAKE_REPLACE_ME - 6M,,FAKE_REPLACE_ME - BOOK_E,G10,-4887742,-304631,,,,,,,,,,,,
fx/vega,FAKE_REPLACE_ME - GBP/USD Vol,FAKE_REPLACE_ME - 6M,,FAKE_REPLACE_ME - BOOK_UNMAPPED,G10,3992467,-162291,,,,,,,,,,,,
ir/delta,FAKE_REPLACE_ME - USD SOFR,FAKE_REPLACE_ME - 6M,,FAKE_REPLACE_ME - BOOK_A,G10,2546787,245932,,,,,,,,,,,,
ir/delta,FAKE_REPLACE_ME - USD SOFR,FAKE_REPLACE_ME - 6M,,FAKE_REPLACE_ME - BOOK_B,G10,-4629350,254584,,,,,,,,,,,,
ir/delta,FAKE_REPLACE_ME - USD SOFR,FAKE_REPLACE_ME - 6M,,FAKE_REPLACE_ME - BOOK_C,G10,399092,529209,,,,,,,,,,,,
ir/delta,FAKE_REPLACE_ME - USD SOFR,FAKE_REPLACE_ME - 6M,,FAKE_REPLACE_ME - BOOK_D,G10,-383767,527706,,,,,,,,,,,,
ir/delta,FAKE_REPLACE_ME - USD SOFR,FAKE_REPLACE_ME - 6M,,FAKE_REPLACE_ME - BOOK_E,G10,3560879,-106879,,,,,,,,,,,,
ir/delta,FAKE_REPLACE_ME - USD SOFR,FAKE_REPLACE_ME - 6M,,FAKE_REPLACE_ME - BOOK_UNMAPPED,G10,-3794993,-260697,,,,,,,,,,,,
ir/delta,FAKE_REPLACE_ME - USD SOFR,FAKE_REPLACE_ME - 1Y,,FAKE_REPLACE_ME - BOOK_A,G10,3141325,516945,,,,,,,,,,,,
ir/delta,FAKE_REPLACE_ME - USD SOFR,FAKE_REPLACE_ME - 1Y,,FAKE_REPLACE_ME - BOOK_B,G10,1055469,-418773,,,,,,,,,,,,
ir/delta,FAKE_REPLACE_ME - USD SOFR,FAKE_REPLACE_ME - 1Y,,FAKE_REPLACE_ME - BOOK_C,G10,2535333,-207858,,,,,,,,,,,,
ir/delta,FAKE_REPLACE_ME - USD SOFR,FAKE_REPLACE_ME - 1Y,,FAKE_REPLACE_ME - BOOK_D,G10,567940,365216,,,,,,,,,,,,
ir/delta,FAKE_REPLACE_ME - USD SOFR,FAKE_REPLACE_ME - 1Y,,FAKE_REPLACE_ME - BOOK_E,G10,1677693,-326347,,,,,,,,,,,,
ir/delta,FAKE_REPLACE_ME - USD SOFR,FAKE_REPLACE_ME - 1Y,,FAKE_REPLACE_ME - BOOK_UNMAPPED,G10,3507158,113354,,,,,,,,,,,,
ir/delta,FAKE_REPLACE_ME - USD SOFR,FAKE_REPLACE_ME - 2Y,,FAKE_REPLACE_ME - BOOK_A,G10,4224163,387305,,,,,,,,,,,,
ir/delta,FAKE_REPLACE_ME - USD SOFR,FAKE_REPLACE_ME - 2Y,,FAKE_REPLACE_ME - BOOK_B,G10,-2924692,131770,,,,,,,,,,,,
ir/delta,FAKE_REPLACE_ME - USD SOFR,FAKE_REPLACE_ME - 2Y,,FAKE_REPLACE_ME - BOOK_C,G10,387354,-462336,,,,,,,,,,,,
ir/delta,FAKE_REPLACE_ME - USD SOFR,FAKE_REPLACE_ME - 2Y,,FAKE_REPLACE_ME - BOOK_D,G10,1578912,-331404,,,,,,,,,,,,
ir/delta,FAKE_REPLACE_ME - USD SOFR,FAKE_REPLACE_ME - 2Y,,FAKE_REPLACE_ME - BOOK_E,G10,-1632225,-141134,,,,,,,,,,,,
ir/delta,FAKE_REPLACE_ME - USD SOFR,FAKE_REPLACE_ME - 2Y,,FAKE_REPLACE_ME - BOOK_UNMAPPED,G10,-4206669,465281,,,,,,,,,,,,
ir/delta,FAKE_REPLACE_ME - USD SOFR,FAKE_REPLACE_ME - 5Y,,FAKE_REPLACE_ME - BOOK_A,G10,1239468,521193,,,,,,,,,,,,
ir/delta,FAKE_REPLACE_ME - USD SOFR,FAKE_REPLACE_ME - 5Y,,FAKE_REPLACE_ME - BOOK_B,G10,1081242,-118867,,,,,,,,,,,,
ir/delta,FAKE_REPLACE_ME - USD SOFR,FAKE_REPLACE_ME - 5Y,,FAKE_REPLACE_ME - BOOK_C,G10,4442402,109375,,,,,,,,,,,,
ir/delta,FAKE_REPLACE_ME - USD SOFR,FAKE_REPLACE_ME - 5Y,,FAKE_REPLACE_ME - BOOK_D,G10,2161594,521601,,,,,,,,,,,,
ir/delta,FAKE_REPLACE_ME - USD SOFR,FAKE_REPLACE_ME - 5Y,,FAKE_REPLACE_ME - BOOK_E,G10,-796007,-28067,,,,,,,,,,,,
ir/delta,FAKE_REPLACE_ME - USD SOFR,FAKE_REPLACE_ME - 5Y,,FAKE_REPLACE_ME - BOOK_UNMAPPED,G10,2571076,-334380,,,,,,,,,,,,
ir/delta,FAKE_REPLACE_ME - USD SOFR,FAKE_REPLACE_ME - 10Y,,FAKE_REPLACE_ME - BOOK_A,G10,2668157,91160,,,,,,,,,,,,
ir/delta,FAKE_REPLACE_ME - USD SOFR,FAKE_REPLACE_ME - 10Y,,FAKE_REPLACE_ME - BOOK_B,G10,-641996,-505431,,,,,,,,,,,,
ir/delta,FAKE_REPLACE_ME - USD SOFR,FAKE_REPLACE_ME - 10Y,,FAKE_REPLACE_ME - BOOK_C,G10,4863907,311658,,,,,,,,,,,,
ir/delta,FAKE_REPLACE_ME - USD SOFR,FAKE_REPLACE_ME - 10Y,,FAKE_REPLACE_ME - BOOK_D,G10,3043438,322223,,,,,,,,,,,,
ir/delta,FAKE_REPLACE_ME - USD SOFR,FAKE_REPLACE_ME - 10Y,,FAKE_REPLACE_ME - BOOK_E,G10,3982780,-271691,,,,,,,,,,,,
ir/delta,FAKE_REPLACE_ME - USD SOFR,FAKE_REPLACE_ME - 10Y,,FAKE_REPLACE_ME - BOOK_UNMAPPED,G10,4840819,-216784,,,,,,,,,,,,
ir/delta,FAKE_REPLACE_ME - EUR ESTR,FAKE_REPLACE_ME - 6M,,FAKE_REPLACE_ME - BOOK_A,G10,-4120629,-543354,,,,,,,,,,,,
ir/delta,FAKE_REPLACE_ME - EUR ESTR,FAKE_REPLACE_ME - 6M,,FAKE_REPLACE_ME - BOOK_B,G10,2904969,-74187,,,,,,,,,,,,
ir/delta,FAKE_REPLACE_ME - EUR ESTR,FAKE_REPLACE_ME - 6M,,FAKE_REPLACE_ME - BOOK_C,G10,2630432,-520720,,,,,,,,,,,,
ir/delta,FAKE_REPLACE_ME - EUR ESTR,FAKE_REPLACE_ME - 6M,,FAKE_REPLACE_ME - BOOK_D,G10,1444790,-496943,,,,,,,,,,,,
ir/delta,FAKE_REPLACE_ME - EUR ESTR,FAKE_REPLACE_ME - 6M,,FAKE_REPLACE_ME - BOOK_E,G10,385317,-303057,,,,,,,,,,,,
ir/delta,FAKE_REPLACE_ME - EUR ESTR,FAKE_REPLACE_ME - 6M,,FAKE_REPLACE_ME - BOOK_UNMAPPED,G10,2031663,-37777,,,,,,,,,,,,
ir/delta,FAKE_REPLACE_ME - EUR ESTR,FAKE_REPLACE_ME - 1Y,,FAKE_REPLACE_ME - BOOK_A,G10,3071038,498024,,,,,,,,,,,,
ir/delta,FAKE_REPLACE_ME - EUR ESTR,FAKE_REPLACE_ME - 1Y,,FAKE_REPLACE_ME - BOOK_B,G10,-4947798,-139071,,,,,,,,,,,,
ir/delta,FAKE_REPLACE_ME - EUR ESTR,FAKE_REPLACE_ME - 1Y,,FAKE_REPLACE_ME - BOOK_C,G10,4315510,-493458,,,,,,,,,,,,
ir/delta,FAKE_REPLACE_ME - EUR ESTR,FAKE_REPLACE_ME - 1Y,,FAKE_REPLACE_ME - BOOK_D,G10,4237107,-52818,,,,,,,,,,,,
ir/delta,FAKE_REPLACE_ME - EUR ESTR,FAKE_REPLACE_ME - 1Y,,FAKE_REPLACE_ME - BOOK_E,G10,-3829361,411731,,,,,,,,,,,,
ir/delta,FAKE_REPLACE_ME - EUR ESTR,FAKE_REPLACE_ME - 1Y,,FAKE_REPLACE_ME - BOOK_UNMAPPED,G10,-3666041,239126,,,,,,,,,,,,
ir/delta,FAKE_REPLACE_ME - EUR ESTR,FAKE_REPLACE_ME - 2Y,,FAKE_REPLACE_ME - BOOK_A,G10,-1037791,158813,,,,,,,,,,,,
ir/delta,FAKE_REPLACE_ME - EUR ESTR,FAKE_REPLACE_ME - 2Y,,FAKE_REPLACE_ME - BOOK_B,G10,949572,-190045,,,,,,,,,,,,
ir/delta,FAKE_REPLACE_ME - EUR ESTR,FAKE_REPLACE_ME - 2Y,,FAKE_REPLACE_ME - BOOK_C,G10,-1506150,-433530,,,,,,,,,,,,
ir/delta,FAKE_REPLACE_ME - EUR ESTR,FAKE_REPLACE_ME - 2Y,,FAKE_REPLACE_ME - BOOK_D,G10,-1227320,-175039,,,,,,,,,,,,
ir/delta,FAKE_REPLACE_ME - EUR ESTR,FAKE_REPLACE_ME - 2Y,,FAKE_REPLACE_ME - BOOK_E,G10,609397,-252294,,,,,,,,,,,,
ir/delta,FAKE_REPLACE_ME - EUR ESTR,FAKE_REPLACE_ME - 2Y,,FAKE_REPLACE_ME - BOOK_UNMAPPED,G10,-839044,-32682,,,,,,,,,,,,
ir/delta,FAKE_REPLACE_ME - EUR ESTR,FAKE_REPLACE_ME - 5Y,,FAKE_REPLACE_ME - BOOK_A,G10,4725835,-479576,,,,,,,,,,,,
ir/delta,FAKE_REPLACE_ME - EUR ESTR,FAKE_REPLACE_ME - 5Y,,FAKE_REPLACE_ME - BOOK_B,G10,2446160,-64530,,,,,,,,,,,,
ir/delta,FAKE_REPLACE_ME - EUR ESTR,FAKE_REPLACE_ME - 5Y,,FAKE_REPLACE_ME - BOOK_C,G10,-4826689,295465,,,,,,,,,,,,
ir/delta,FAKE_REPLACE_ME - EUR ESTR,FAKE_REPLACE_ME - 5Y,,FAKE_REPLACE_ME - BOOK_D,G10,594913,-480201,,,,,,,,,,,,
ir/delta,FAKE_REPLACE_ME - EUR ESTR,FAKE_REPLACE_ME - 5Y,,FAKE_REPLACE_ME - BOOK_E,G10,-1212751,-420453,,,,,,,,,,,,
ir/delta,FAKE_REPLACE_ME - EUR ESTR,FAKE_REPLACE_ME - 5Y,,FAKE_REPLACE_ME - BOOK_UNMAPPED,G10,-3529325,462785,,,,,,,,,,,,
ir/delta,FAKE_REPLACE_ME - EUR ESTR,FAKE_REPLACE_ME - 10Y,,FAKE_REPLACE_ME - BOOK_A,G10,2135457,294345,,,,,,,,,,,,
ir/delta,FAKE_REPLACE_ME - EUR ESTR,FAKE_REPLACE_ME - 10Y,,FAKE_REPLACE_ME - BOOK_B,G10,4703111,113907,,,,,,,,,,,,
ir/delta,FAKE_REPLACE_ME - EUR ESTR,FAKE_REPLACE_ME - 10Y,,FAKE_REPLACE_ME - BOOK_C,G10,-1238587,195983,,,,,,,,,,,,
ir/delta,FAKE_REPLACE_ME - EUR ESTR,FAKE_REPLACE_ME - 10Y,,FAKE_REPLACE_ME - BOOK_D,G10,-265401,-45474,,,,,,,,,,,,
ir/delta,FAKE_REPLACE_ME - EUR ESTR,FAKE_REPLACE_ME - 10Y,,FAKE_REPLACE_ME - BOOK_E,G10,-575339,-142583,,,,,,,,,,,,
ir/delta,FAKE_REPLACE_ME - EUR ESTR,FAKE_REPLACE_ME - 10Y,,FAKE_REPLACE_ME - BOOK_UNMAPPED,G10,2091539,375281,,,,,,,,,,,,
ir/delta,FAKE_REPLACE_ME - GBP SONIA,FAKE_REPLACE_ME - 6M,,FAKE_REPLACE_ME - BOOK_A,G10,3815060,-373756,,,,,,,,,,,,
ir/delta,FAKE_REPLACE_ME - GBP SONIA,FAKE_REPLACE_ME - 6M,,FAKE_REPLACE_ME - BOOK_B,G10,3664144,512772,,,,,,,,,,,,
ir/delta,FAKE_REPLACE_ME - GBP SONIA,FAKE_REPLACE_ME - 6M,,FAKE_REPLACE_ME - BOOK_C,G10,1903555,-43617,,,,,,,,,,,,
ir/delta,FAKE_REPLACE_ME - GBP SONIA,FAKE_REPLACE_ME - 6M,,FAKE_REPLACE_ME - BOOK_D,G10,-2506799,117088,,,,,,,,,,,,
ir/delta,FAKE_REPLACE_ME - GBP SONIA,FAKE_REPLACE_ME - 6M,,FAKE_REPLACE_ME - BOOK_E,G10,4173396,-78350,,,,,,,,,,,,
ir/delta,FAKE_REPLACE_ME - GBP SONIA,FAKE_REPLACE_ME - 6M,,FAKE_REPLACE_ME - BOOK_UNMAPPED,G10,4757573,-129392,,,,,,,,,,,,
ir/delta,FAKE_REPLACE_ME - GBP SONIA,FAKE_REPLACE_ME - 1Y,,FAKE_REPLACE_ME - BOOK_A,G10,4960334,-10969,,,,,,,,,,,,
ir/delta,FAKE_REPLACE_ME - GBP SONIA,FAKE_REPLACE_ME - 1Y,,FAKE_REPLACE_ME - BOOK_B,G10,2098690,43989,,,,,,,,,,,,
ir/delta,FAKE_REPLACE_ME - GBP SONIA,FAKE_REPLACE_ME - 1Y,,FAKE_REPLACE_ME - BOOK_C,G10,3313897,-364651,,,,,,,,,,,,
ir/delta,FAKE_REPLACE_ME - GBP SONIA,FAKE_REPLACE_ME - 1Y,,FAKE_REPLACE_ME - BOOK_D,G10,4320246,-460223,,,,,,,,,,,,
ir/delta,FAKE_REPLACE_ME - GBP SONIA,FAKE_REPLACE_ME - 1Y,,FAKE_REPLACE_ME - BOOK_E,G10,2546293,401841,,,,,,,,,,,,
ir/delta,FAKE_REPLACE_ME - GBP SONIA,FAKE_REPLACE_ME - 1Y,,FAKE_REPLACE_ME - BOOK_UNMAPPED,G10,374189,129141,,,,,,,,,,,,
ir/delta,FAKE_REPLACE_ME - GBP SONIA,FAKE_REPLACE_ME - 2Y,,FAKE_REPLACE_ME - BOOK_A,G10,2956961,401454,,,,,,,,,,,,
ir/delta,FAKE_REPLACE_ME - GBP SONIA,FAKE_REPLACE_ME - 2Y,,FAKE_REPLACE_ME - BOOK_B,G10,-3023873,304300,,,,,,,,,,,,
ir/delta,FAKE_REPLACE_ME - GBP SONIA,FAKE_REPLACE_ME - 2Y,,FAKE_REPLACE_ME - BOOK_C,G10,298294,357854,,,,,,,,,,,,
ir/delta,FAKE_REPLACE_ME - GBP SONIA,FAKE_REPLACE_ME - 2Y,,FAKE_REPLACE_ME - BOOK_D,G10,4801885,-273626,,,,,,,,,,,,
ir/delta,FAKE_REPLACE_ME - GBP SONIA,FAKE_REPLACE_ME - 2Y,,FAKE_REPLACE_ME - BOOK_E,G10,-1592615,-244792,,,,,,,,,,,,
ir/delta,FAKE_REPLACE_ME - GBP SONIA,FAKE_REPLACE_ME - 2Y,,FAKE_REPLACE_ME - BOOK_UNMAPPED,G10,4697166,-80952,,,,,,,,,,,,
ir/delta,FAKE_REPLACE_ME - GBP SONIA,FAKE_REPLACE_ME - 5Y,,FAKE_REPLACE_ME - BOOK_A,G10,3245159,-91679,,,,,,,,,,,,
ir/delta,FAKE_REPLACE_ME - GBP SONIA,FAKE_REPLACE_ME - 5Y,,FAKE_REPLACE_ME - BOOK_B,G10,-3873822,243365,,,,,,,,,,,,
ir/delta,FAKE_REPLACE_ME - GBP SONIA,FAKE_REPLACE_ME - 5Y,,FAKE_REPLACE_ME - BOOK_C,G10,-1885317,255390,,,,,,,,,,,,
ir/delta,FAKE_REPLACE_ME - GBP SONIA,FAKE_REPLACE_ME - 5Y,,FAKE_REPLACE_ME - BOOK_D,G10,3980155,-206729,,,,,,,,,,,,
ir/delta,FAKE_REPLACE_ME - GBP SONIA,FAKE_REPLACE_ME - 5Y,,FAKE_REPLACE_ME - BOOK_E,G10,4669674,-76225,,,,,,,,,,,,
ir/delta,FAKE_REPLACE_ME - GBP SONIA,FAKE_REPLACE_ME - 5Y,,FAKE_REPLACE_ME - BOOK_UNMAPPED,G10,-2538152,-12100,,,,,,,,,,,,
ir/delta,FAKE_REPLACE_ME - GBP SONIA,FAKE_REPLACE_ME - 10Y,,FAKE_REPLACE_ME - BOOK_A,G10,-1796999,-247796,,,,,,,,,,,,
ir/delta,FAKE_REPLACE_ME - GBP SONIA,FAKE_REPLACE_ME - 10Y,,FAKE_REPLACE_ME - BOOK_B,G10,2749572,83525,,,,,,,,,,,,
ir/delta,FAKE_REPLACE_ME - GBP SONIA,FAKE_REPLACE_ME - 10Y,,FAKE_REPLACE_ME - BOOK_C,G10,-4136137,-124819,,,,,,,,,,,,
ir/delta,FAKE_REPLACE_ME - GBP SONIA,FAKE_REPLACE_ME - 10Y,,FAKE_REPLACE_ME - BOOK_D,G10,426048,-454998,,,,,,,,,,,,
ir/delta,FAKE_REPLACE_ME - GBP SONIA,FAKE_REPLACE_ME - 10Y,,FAKE_REPLACE_ME - BOOK_E,G10,3149598,169284,,,,,,,,,,,,
ir/delta,FAKE_REPLACE_ME - GBP SONIA,FAKE_REPLACE_ME - 10Y,,FAKE_REPLACE_ME - BOOK_UNMAPPED,G10,4729094,134166,,,,,,,,,,,,
ir/gamma,FAKE_REPLACE_ME - USD SOFR,FAKE_REPLACE_ME - 1Y,,FAKE_REPLACE_ME - BOOK_A,G10,4888007,-518178,,,,,,,,,,,,
ir/gamma,FAKE_REPLACE_ME - USD SOFR,FAKE_REPLACE_ME - 1Y,,FAKE_REPLACE_ME - BOOK_B,G10,2503379,-311021,,,,,,,,,,,,
ir/gamma,FAKE_REPLACE_ME - USD SOFR,FAKE_REPLACE_ME - 1Y,,FAKE_REPLACE_ME - BOOK_C,G10,1085708,-269426,,,,,,,,,,,,
ir/gamma,FAKE_REPLACE_ME - USD SOFR,FAKE_REPLACE_ME - 1Y,,FAKE_REPLACE_ME - BOOK_D,G10,-2968716,-30878,,,,,,,,,,,,
ir/gamma,FAKE_REPLACE_ME - USD SOFR,FAKE_REPLACE_ME - 1Y,,FAKE_REPLACE_ME - BOOK_E,G10,3912889,306094,,,,,,,,,,,,
ir/gamma,FAKE_REPLACE_ME - USD SOFR,FAKE_REPLACE_ME - 1Y,,FAKE_REPLACE_ME - BOOK_UNMAPPED,G10,1349974,-489396,,,,,,,,,,,,
ir/gamma,FAKE_REPLACE_ME - USD SOFR,FAKE_REPLACE_ME - 2Y,,FAKE_REPLACE_ME - BOOK_A,G10,-4872446,357388,,,,,,,,,,,,
ir/gamma,FAKE_REPLACE_ME - USD SOFR,FAKE_REPLACE_ME - 2Y,,FAKE_REPLACE_ME - BOOK_B,G10,449461,-366105,,,,,,,,,,,,
ir/gamma,FAKE_REPLACE_ME - USD SOFR,FAKE_REPLACE_ME - 2Y,,FAKE_REPLACE_ME - BOOK_C,G10,-4964038,78751,,,,,,,,,,,,
ir/gamma,FAKE_REPLACE_ME - USD SOFR,FAKE_REPLACE_ME - 2Y,,FAKE_REPLACE_ME - BOOK_D,G10,-4641538,-513538,,,,,,,,,,,,
ir/gamma,FAKE_REPLACE_ME - USD SOFR,FAKE_REPLACE_ME - 2Y,,FAKE_REPLACE_ME - BOOK_E,G10,-3465411,-376949,,,,,,,,,,,,
ir/gamma,FAKE_REPLACE_ME - USD SOFR,FAKE_REPLACE_ME - 2Y,,FAKE_REPLACE_ME - BOOK_UNMAPPED,G10,-3740880,239548,,,,,,,,,,,,
ir/gamma,FAKE_REPLACE_ME - USD SOFR,FAKE_REPLACE_ME - 5Y,,FAKE_REPLACE_ME - BOOK_A,G10,4955184,-468073,,,,,,,,,,,,
ir/gamma,FAKE_REPLACE_ME - USD SOFR,FAKE_REPLACE_ME - 5Y,,FAKE_REPLACE_ME - BOOK_B,G10,3808880,289340,,,,,,,,,,,,
ir/gamma,FAKE_REPLACE_ME - USD SOFR,FAKE_REPLACE_ME - 5Y,,FAKE_REPLACE_ME - BOOK_C,G10,-3582248,302899,,,,,,,,,,,,
ir/gamma,FAKE_REPLACE_ME - USD SOFR,FAKE_REPLACE_ME - 5Y,,FAKE_REPLACE_ME - BOOK_D,G10,-1052396,80172,,,,,,,,,,,,
ir/gamma,FAKE_REPLACE_ME - USD SOFR,FAKE_REPLACE_ME - 5Y,,FAKE_REPLACE_ME - BOOK_E,G10,-3155346,-371987,,,,,,,,,,,,
ir/gamma,FAKE_REPLACE_ME - USD SOFR,FAKE_REPLACE_ME - 5Y,,FAKE_REPLACE_ME - BOOK_UNMAPPED,G10,-3516099,545785,,,,,,,,,,,,
ir/gamma,FAKE_REPLACE_ME - EUR ESTR,FAKE_REPLACE_ME - 1Y,,FAKE_REPLACE_ME - BOOK_A,G10,-4750070,442035,,,,,,,,,,,,
ir/gamma,FAKE_REPLACE_ME - EUR ESTR,FAKE_REPLACE_ME - 1Y,,FAKE_REPLACE_ME - BOOK_B,G10,3294342,-461826,,,,,,,,,,,,
ir/gamma,FAKE_REPLACE_ME - EUR ESTR,FAKE_REPLACE_ME - 1Y,,FAKE_REPLACE_ME - BOOK_C,G10,4014252,-91959,,,,,,,,,,,,
ir/gamma,FAKE_REPLACE_ME - EUR ESTR,FAKE_REPLACE_ME - 1Y,,FAKE_REPLACE_ME - BOOK_D,G10,3072790,-58330,,,,,,,,,,,,
ir/gamma,FAKE_REPLACE_ME - EUR ESTR,FAKE_REPLACE_ME - 1Y,,FAKE_REPLACE_ME - BOOK_E,G10,2190324,481034,,,,,,,,,,,,
ir/gamma,FAKE_REPLACE_ME - EUR ESTR,FAKE_REPLACE_ME - 1Y,,FAKE_REPLACE_ME - BOOK_UNMAPPED,G10,4898878,494699,,,,,,,,,,,,
ir/gamma,FAKE_REPLACE_ME - EUR ESTR,FAKE_REPLACE_ME - 2Y,,FAKE_REPLACE_ME - BOOK_A,G10,3735919,-296618,,,,,,,,,,,,
ir/gamma,FAKE_REPLACE_ME - EUR ESTR,FAKE_REPLACE_ME - 2Y,,FAKE_REPLACE_ME - BOOK_B,G10,-2914522,535441,,,,,,,,,,,,
ir/gamma,FAKE_REPLACE_ME - EUR ESTR,FAKE_REPLACE_ME - 2Y,,FAKE_REPLACE_ME - BOOK_C,G10,-4159859,494580,,,,,,,,,,,,
ir/gamma,FAKE_REPLACE_ME - EUR ESTR,FAKE_REPLACE_ME - 2Y,,FAKE_REPLACE_ME - BOOK_D,G10,-4352731,444465,,,,,,,,,,,,
ir/gamma,FAKE_REPLACE_ME - EUR ESTR,FAKE_REPLACE_ME - 2Y,,FAKE_REPLACE_ME - BOOK_E,G10,2041023,-187208,,,,,,,,,,,,
ir/gamma,FAKE_REPLACE_ME - EUR ESTR,FAKE_REPLACE_ME - 2Y,,FAKE_REPLACE_ME - BOOK_UNMAPPED,G10,-4545538,418604,,,,,,,,,,,,
ir/gamma,FAKE_REPLACE_ME - EUR ESTR,FAKE_REPLACE_ME - 5Y,,FAKE_REPLACE_ME - BOOK_A,G10,1466143,191244,,,,,,,,,,,,
ir/gamma,FAKE_REPLACE_ME - EUR ESTR,FAKE_REPLACE_ME - 5Y,,FAKE_REPLACE_ME - BOOK_B,G10,2483644,175756,,,,,,,,,,,,
ir/gamma,FAKE_REPLACE_ME - EUR ESTR,FAKE_REPLACE_ME - 5Y,,FAKE_REPLACE_ME - BOOK_C,G10,-2591122,146467,,,,,,,,,,,,
ir/gamma,FAKE_REPLACE_ME - EUR ESTR,FAKE_REPLACE_ME - 5Y,,FAKE_REPLACE_ME - BOOK_D,G10,494860,29505,,,,,,,,,,,,
ir/gamma,FAKE_REPLACE_ME - EUR ESTR,FAKE_REPLACE_ME - 5Y,,FAKE_REPLACE_ME - BOOK_E,G10,1679933,412835,,,,,,,,,,,,
ir/gamma,FAKE_REPLACE_ME - EUR ESTR,FAKE_REPLACE_ME - 5Y,,FAKE_REPLACE_ME - BOOK_UNMAPPED,G10,-734658,-450859,,,,,,,,,,,,
ir/gamma,FAKE_REPLACE_ME - GBP SONIA,FAKE_REPLACE_ME - 1Y,,FAKE_REPLACE_ME - BOOK_A,G10,3133998,-509317,,,,,,,,,,,,
ir/gamma,FAKE_REPLACE_ME - GBP SONIA,FAKE_REPLACE_ME - 1Y,,FAKE_REPLACE_ME - BOOK_B,G10,-358553,-284843,,,,,,,,,,,,
ir/gamma,FAKE_REPLACE_ME - GBP SONIA,FAKE_REPLACE_ME - 1Y,,FAKE_REPLACE_ME - BOOK_C,G10,3086992,254621,,,,,,,,,,,,
ir/gamma,FAKE_REPLACE_ME - GBP SONIA,FAKE_REPLACE_ME - 1Y,,FAKE_REPLACE_ME - BOOK_D,G10,-831756,-464696,,,,,,,,,,,,
ir/gamma,FAKE_REPLACE_ME - GBP SONIA,FAKE_REPLACE_ME - 1Y,,FAKE_REPLACE_ME - BOOK_E,G10,2681952,468599,,,,,,,,,,,,
ir/gamma,FAKE_REPLACE_ME - GBP SONIA,FAKE_REPLACE_ME - 1Y,,FAKE_REPLACE_ME - BOOK_UNMAPPED,G10,2074425,499119,,,,,,,,,,,,
ir/gamma,FAKE_REPLACE_ME - GBP SONIA,FAKE_REPLACE_ME - 2Y,,FAKE_REPLACE_ME - BOOK_A,G10,-1620516,327662,,,,,,,,,,,,
ir/gamma,FAKE_REPLACE_ME - GBP SONIA,FAKE_REPLACE_ME - 2Y,,FAKE_REPLACE_ME - BOOK_B,G10,1369439,258692,,,,,,,,,,,,
ir/gamma,FAKE_REPLACE_ME - GBP SONIA,FAKE_REPLACE_ME - 2Y,,FAKE_REPLACE_ME - BOOK_C,G10,-832934,21777,,,,,,,,,,,,
ir/gamma,FAKE_REPLACE_ME - GBP SONIA,FAKE_REPLACE_ME - 2Y,,FAKE_REPLACE_ME - BOOK_D,G10,4519799,309442,,,,,,,,,,,,
ir/gamma,FAKE_REPLACE_ME - GBP SONIA,FAKE_REPLACE_ME - 2Y,,FAKE_REPLACE_ME - BOOK_E,G10,-3329020,-208793,,,,,,,,,,,,
ir/gamma,FAKE_REPLACE_ME - GBP SONIA,FAKE_REPLACE_ME - 2Y,,FAKE_REPLACE_ME - BOOK_UNMAPPED,G10,3111983,544933,,,,,,,,,,,,
ir/gamma,FAKE_REPLACE_ME - GBP SONIA,FAKE_REPLACE_ME - 5Y,,FAKE_REPLACE_ME - BOOK_A,G10,3849868,279677,,,,,,,,,,,,
ir/gamma,FAKE_REPLACE_ME - GBP SONIA,FAKE_REPLACE_ME - 5Y,,FAKE_REPLACE_ME - BOOK_B,G10,3504163,221741,,,,,,,,,,,,
ir/gamma,FAKE_REPLACE_ME - GBP SONIA,FAKE_REPLACE_ME - 5Y,,FAKE_REPLACE_ME - BOOK_C,G10,-3245398,386014,,,,,,,,,,,,
ir/gamma,FAKE_REPLACE_ME - GBP SONIA,FAKE_REPLACE_ME - 5Y,,FAKE_REPLACE_ME - BOOK_D,G10,535202,263243,,,,,,,,,,,,
ir/gamma,FAKE_REPLACE_ME - GBP SONIA,FAKE_REPLACE_ME - 5Y,,FAKE_REPLACE_ME - BOOK_E,G10,2738969,396013,,,,,,,,,,,,
ir/gamma,FAKE_REPLACE_ME - GBP SONIA,FAKE_REPLACE_ME - 5Y,,FAKE_REPLACE_ME - BOOK_UNMAPPED,G10,2073208,128433,,,,,,,,,,,,
ir/deltavega,FAKE_REPLACE_ME - USD SOFR Vol,FAKE_REPLACE_ME - 6M,FAKE_REPLACE_ME - 1M,FAKE_REPLACE_ME - BOOK_A,G10,-835272,-181501,,,,,,,,,,,,
ir/deltavega,FAKE_REPLACE_ME - USD SOFR Vol,FAKE_REPLACE_ME - 6M,FAKE_REPLACE_ME - 1M,FAKE_REPLACE_ME - BOOK_B,G10,1610930,-402365,,,,,,,,,,,,
ir/deltavega,FAKE_REPLACE_ME - USD SOFR Vol,FAKE_REPLACE_ME - 6M,FAKE_REPLACE_ME - 1M,FAKE_REPLACE_ME - BOOK_C,G10,4034546,-547239,,,,,,,,,,,,
ir/deltavega,FAKE_REPLACE_ME - USD SOFR Vol,FAKE_REPLACE_ME - 6M,FAKE_REPLACE_ME - 1M,FAKE_REPLACE_ME - BOOK_D,G10,-2510591,91655,,,,,,,,,,,,
ir/deltavega,FAKE_REPLACE_ME - USD SOFR Vol,FAKE_REPLACE_ME - 6M,FAKE_REPLACE_ME - 1M,FAKE_REPLACE_ME - BOOK_E,G10,-4173779,296498,,,,,,,,,,,,
ir/deltavega,FAKE_REPLACE_ME - USD SOFR Vol,FAKE_REPLACE_ME - 6M,FAKE_REPLACE_ME - 1M,FAKE_REPLACE_ME - BOOK_UNMAPPED,G10,4491760,-123320,,,,,,,,,,,,
ir/deltavega,FAKE_REPLACE_ME - USD SOFR Vol,FAKE_REPLACE_ME - 6M,FAKE_REPLACE_ME - 3M,FAKE_REPLACE_ME - BOOK_A,G10,-320200,-258832,,,,,,,,,,,,
ir/deltavega,FAKE_REPLACE_ME - USD SOFR Vol,FAKE_REPLACE_ME - 6M,FAKE_REPLACE_ME - 3M,FAKE_REPLACE_ME - BOOK_B,G10,-4927159,402537,,,,,,,,,,,,
ir/deltavega,FAKE_REPLACE_ME - USD SOFR Vol,FAKE_REPLACE_ME - 6M,FAKE_REPLACE_ME - 3M,FAKE_REPLACE_ME - BOOK_C,G10,-2054448,-381072,,,,,,,,,,,,
ir/deltavega,FAKE_REPLACE_ME - USD SOFR Vol,FAKE_REPLACE_ME - 6M,FAKE_REPLACE_ME - 3M,FAKE_REPLACE_ME - BOOK_D,G10,2893424,530994,,,,,,,,,,,,
ir/deltavega,FAKE_REPLACE_ME - USD SOFR Vol,FAKE_REPLACE_ME - 6M,FAKE_REPLACE_ME - 3M,FAKE_REPLACE_ME - BOOK_E,G10,2127894,442274,,,,,,,,,,,,
ir/deltavega,FAKE_REPLACE_ME - USD SOFR Vol,FAKE_REPLACE_ME - 6M,FAKE_REPLACE_ME - 3M,FAKE_REPLACE_ME - BOOK_UNMAPPED,G10,4327195,-435992,,,,,,,,,,,,
ir/deltavega,FAKE_REPLACE_ME - USD SOFR Vol,FAKE_REPLACE_ME - 6M,FAKE_REPLACE_ME - 6M,FAKE_REPLACE_ME - BOOK_A,G10,3749378,150251,,,,,,,,,,,,
ir/deltavega,FAKE_REPLACE_ME - USD SOFR Vol,FAKE_REPLACE_ME - 6M,FAKE_REPLACE_ME - 6M,FAKE_REPLACE_ME - BOOK_B,G10,1599195,265108,,,,,,,,,,,,
ir/deltavega,FAKE_REPLACE_ME - USD SOFR Vol,FAKE_REPLACE_ME - 6M,FAKE_REPLACE_ME - 6M,FAKE_REPLACE_ME - BOOK_C,G10,2113330,101173,,,,,,,,,,,,
ir/deltavega,FAKE_REPLACE_ME - USD SOFR Vol,FAKE_REPLACE_ME - 6M,FAKE_REPLACE_ME - 6M,FAKE_REPLACE_ME - BOOK_D,G10,-1369843,-531020,,,,,,,,,,,,
ir/deltavega,FAKE_REPLACE_ME - USD SOFR Vol,FAKE_REPLACE_ME - 6M,FAKE_REPLACE_ME - 6M,FAKE_REPLACE_ME - BOOK_E,G10,4813917,-519220,,,,,,,,,,,,
ir/deltavega,FAKE_REPLACE_ME - USD SOFR Vol,FAKE_REPLACE_ME - 6M,FAKE_REPLACE_ME - 6M,FAKE_REPLACE_ME - BOOK_UNMAPPED,G10,1489804,-414077,,,,,,,,,,,,
ir/deltavega,FAKE_REPLACE_ME - USD SOFR Vol,FAKE_REPLACE_ME - 1Y,FAKE_REPLACE_ME - 1M,FAKE_REPLACE_ME - BOOK_A,G10,250754,268387,,,,,,,,,,,,
ir/deltavega,FAKE_REPLACE_ME - USD SOFR Vol,FAKE_REPLACE_ME - 1Y,FAKE_REPLACE_ME - 1M,FAKE_REPLACE_ME - BOOK_B,G10,1012457,-350027,,,,,,,,,,,,
ir/deltavega,FAKE_REPLACE_ME - USD SOFR Vol,FAKE_REPLACE_ME - 1Y,FAKE_REPLACE_ME - 1M,FAKE_REPLACE_ME - BOOK_C,G10,-4639745,-24328,,,,,,,,,,,,
ir/deltavega,FAKE_REPLACE_ME - USD SOFR Vol,FAKE_REPLACE_ME - 1Y,FAKE_REPLACE_ME - 1M,FAKE_REPLACE_ME - BOOK_D,G10,-3056095,536667,,,,,,,,,,,,
ir/deltavega,FAKE_REPLACE_ME - USD SOFR Vol,FAKE_REPLACE_ME - 1Y,FAKE_REPLACE_ME - 1M,FAKE_REPLACE_ME - BOOK_E,G10,-4631112,-259402,,,,,,,,,,,,
ir/deltavega,FAKE_REPLACE_ME - USD SOFR Vol,FAKE_REPLACE_ME - 1Y,FAKE_REPLACE_ME - 1M,FAKE_REPLACE_ME - BOOK_UNMAPPED,G10,4157891,80939,,,,,,,,,,,,
ir/deltavega,FAKE_REPLACE_ME - USD SOFR Vol,FAKE_REPLACE_ME - 1Y,FAKE_REPLACE_ME - 3M,FAKE_REPLACE_ME - BOOK_A,G10,1371891,-67525,,,,,,,,,,,,
ir/deltavega,FAKE_REPLACE_ME - USD SOFR Vol,FAKE_REPLACE_ME - 1Y,FAKE_REPLACE_ME - 3M,FAKE_REPLACE_ME - BOOK_B,G10,-755177,-382006,,,,,,,,,,,,
ir/deltavega,FAKE_REPLACE_ME - USD SOFR Vol,FAKE_REPLACE_ME - 1Y,FAKE_REPLACE_ME - 3M,FAKE_REPLACE_ME - BOOK_C,G10,-3807088,-350673,,,,,,,,,,,,
ir/deltavega,FAKE_REPLACE_ME - USD SOFR Vol,FAKE_REPLACE_ME - 1Y,FAKE_REPLACE_ME - 3M,FAKE_REPLACE_ME - BOOK_D,G10,4558368,486429,,,,,,,,,,,,
ir/deltavega,FAKE_REPLACE_ME - USD SOFR Vol,FAKE_REPLACE_ME - 1Y,FAKE_REPLACE_ME - 3M,FAKE_REPLACE_ME - BOOK_E,G10,3870850,-439631,,,,,,,,,,,,
ir/deltavega,FAKE_REPLACE_ME - USD SOFR Vol,FAKE_REPLACE_ME - 1Y,FAKE_REPLACE_ME - 3M,FAKE_REPLACE_ME - BOOK_UNMAPPED,G10,-3430932,-488007,,,,,,,,,,,,
ir/deltavega,FAKE_REPLACE_ME - USD SOFR Vol,FAKE_REPLACE_ME - 1Y,FAKE_REPLACE_ME - 6M,FAKE_REPLACE_ME - BOOK_A,G10,2681730,-367951,,,,,,,,,,,,
ir/deltavega,FAKE_REPLACE_ME - USD SOFR Vol,FAKE_REPLACE_ME - 1Y,FAKE_REPLACE_ME - 6M,FAKE_REPLACE_ME - BOOK_B,G10,-2148636,-279284,,,,,,,,,,,,
ir/deltavega,FAKE_REPLACE_ME - USD SOFR Vol,FAKE_REPLACE_ME - 1Y,FAKE_REPLACE_ME - 6M,FAKE_REPLACE_ME - BOOK_C,G10,-3504009,319488,,,,,,,,,,,,
ir/deltavega,FAKE_REPLACE_ME - USD SOFR Vol,FAKE_REPLACE_ME - 1Y,FAKE_REPLACE_ME - 6M,FAKE_REPLACE_ME - BOOK_D,G10,2280590,-408805,,,,,,,,,,,,
ir/deltavega,FAKE_REPLACE_ME - USD SOFR Vol,FAKE_REPLACE_ME - 1Y,FAKE_REPLACE_ME - 6M,FAKE_REPLACE_ME - BOOK_E,G10,1386834,-151326,,,,,,,,,,,,
ir/deltavega,FAKE_REPLACE_ME - USD SOFR Vol,FAKE_REPLACE_ME - 1Y,FAKE_REPLACE_ME - 6M,FAKE_REPLACE_ME - BOOK_UNMAPPED,G10,1412219,406434,,,,,,,,,,,,
ir/deltavega,FAKE_REPLACE_ME - USD SOFR Vol,FAKE_REPLACE_ME - 2Y,FAKE_REPLACE_ME - 1M,FAKE_REPLACE_ME - BOOK_A,G10,1579281,502662,,,,,,,,,,,,
ir/deltavega,FAKE_REPLACE_ME - USD SOFR Vol,FAKE_REPLACE_ME - 2Y,FAKE_REPLACE_ME - 1M,FAKE_REPLACE_ME - BOOK_B,G10,2881018,-19136,,,,,,,,,,,,
ir/deltavega,FAKE_REPLACE_ME - USD SOFR Vol,FAKE_REPLACE_ME - 2Y,FAKE_REPLACE_ME - 1M,FAKE_REPLACE_ME - BOOK_C,G10,4772249,230790,,,,,,,,,,,,
ir/deltavega,FAKE_REPLACE_ME - USD SOFR Vol,FAKE_REPLACE_ME - 2Y,FAKE_REPLACE_ME - 1M,FAKE_REPLACE_ME - BOOK_D,G10,457329,20280,,,,,,,,,,,,
ir/deltavega,FAKE_REPLACE_ME - USD SOFR Vol,FAKE_REPLACE_ME - 2Y,FAKE_REPLACE_ME - 1M,FAKE_REPLACE_ME - BOOK_E,G10,-4673781,-279212,,,,,,,,,,,,
ir/deltavega,FAKE_REPLACE_ME - USD SOFR Vol,FAKE_REPLACE_ME - 2Y,FAKE_REPLACE_ME - 1M,FAKE_REPLACE_ME - BOOK_UNMAPPED,G10,4304551,193540,,,,,,,,,,,,
ir/deltavega,FAKE_REPLACE_ME - USD SOFR Vol,FAKE_REPLACE_ME - 2Y,FAKE_REPLACE_ME - 3M,FAKE_REPLACE_ME - BOOK_A,G10,-2065422,-517694,,,,,,,,,,,,
ir/deltavega,FAKE_REPLACE_ME - USD SOFR Vol,FAKE_REPLACE_ME - 2Y,FAKE_REPLACE_ME - 3M,FAKE_REPLACE_ME - BOOK_B,G10,1383160,-16333,,,,,,,,,,,,
ir/deltavega,FAKE_REPLACE_ME - USD SOFR Vol,FAKE_REPLACE_ME - 2Y,FAKE_REPLACE_ME - 3M,FAKE_REPLACE_ME - BOOK_C,G10,-3841531,-343852,,,,,,,,,,,,
ir/deltavega,FAKE_REPLACE_ME - USD SOFR Vol,FAKE_REPLACE_ME - 2Y,FAKE_REPLACE_ME - 3M,FAKE_REPLACE_ME - BOOK_D,G10,2754834,-45194,,,,,,,,,,,,
ir/deltavega,FAKE_REPLACE_ME - USD SOFR Vol,FAKE_REPLACE_ME - 2Y,FAKE_REPLACE_ME - 3M,FAKE_REPLACE_ME - BOOK_E,G10,4038928,231769,,,,,,,,,,,,
ir/deltavega,FAKE_REPLACE_ME - USD SOFR Vol,FAKE_REPLACE_ME - 2Y,FAKE_REPLACE_ME - 3M,FAKE_REPLACE_ME - BOOK_UNMAPPED,G10,2143265,455476,,,,,,,,,,,,
ir/deltavega,FAKE_REPLACE_ME - USD SOFR Vol,FAKE_REPLACE_ME - 2Y,FAKE_REPLACE_ME - 6M,FAKE_REPLACE_ME - BOOK_A,G10,2820189,-326591,,,,,,,,,,,,
ir/deltavega,FAKE_REPLACE_ME - USD SOFR Vol,FAKE_REPLACE_ME - 2Y,FAKE_REPLACE_ME - 6M,FAKE_REPLACE_ME - BOOK_B,G10,284282,-442042,,,,,,,,,,,,
ir/deltavega,FAKE_REPLACE_ME - USD SOFR Vol,FAKE_REPLACE_ME - 2Y,FAKE_REPLACE_ME - 6M,FAKE_REPLACE_ME - BOOK_C,G10,3699983,-156714,,,,,,,,,,,,
ir/deltavega,FAKE_REPLACE_ME - USD SOFR Vol,FAKE_REPLACE_ME - 2Y,FAKE_REPLACE_ME - 6M,FAKE_REPLACE_ME - BOOK_D,G10,-2951084,186292,,,,,,,,,,,,
ir/deltavega,FAKE_REPLACE_ME - USD SOFR Vol,FAKE_REPLACE_ME - 2Y,FAKE_REPLACE_ME - 6M,FAKE_REPLACE_ME - BOOK_E,G10,2949595,405693,,,,,,,,,,,,
ir/deltavega,FAKE_REPLACE_ME - USD SOFR Vol,FAKE_REPLACE_ME - 2Y,FAKE_REPLACE_ME - 6M,FAKE_REPLACE_ME - BOOK_UNMAPPED,G10,1986900,-482169,,,,,,,,,,,,
ir/deltavega,FAKE_REPLACE_ME - USD SOFR Vol,FAKE_REPLACE_ME - 5Y,FAKE_REPLACE_ME - 1M,FAKE_REPLACE_ME - BOOK_A,G10,-3505019,-37491,,,,,,,,,,,,
ir/deltavega,FAKE_REPLACE_ME - USD SOFR Vol,FAKE_REPLACE_ME - 5Y,FAKE_REPLACE_ME - 1M,FAKE_REPLACE_ME - BOOK_B,G10,432353,-480161,,,,,,,,,,,,
ir/deltavega,FAKE_REPLACE_ME - USD SOFR Vol,FAKE_REPLACE_ME - 5Y,FAKE_REPLACE_ME - 1M,FAKE_REPLACE_ME - BOOK_C,G10,-2459674,-525117,,,,,,,,,,,,
ir/deltavega,FAKE_REPLACE_ME - USD SOFR Vol,FAKE_REPLACE_ME - 5Y,FAKE_REPLACE_ME - 1M,FAKE_REPLACE_ME - BOOK_D,G10,841797,35286,,,,,,,,,,,,
ir/deltavega,FAKE_REPLACE_ME - USD SOFR Vol,FAKE_REPLACE_ME - 5Y,FAKE_REPLACE_ME - 1M,FAKE_REPLACE_ME - BOOK_E,G10,275854,-111336,,,,,,,,,,,,
ir/deltavega,FAKE_REPLACE_ME - USD SOFR Vol,FAKE_REPLACE_ME - 5Y,FAKE_REPLACE_ME - 1M,FAKE_REPLACE_ME - BOOK_UNMAPPED,G10,3888140,-195155,,,,,,,,,,,,
ir/deltavega,FAKE_REPLACE_ME - USD SOFR Vol,FAKE_REPLACE_ME - 5Y,FAKE_REPLACE_ME - 3M,FAKE_REPLACE_ME - BOOK_A,G10,4522406,-348291,,,,,,,,,,,,
ir/deltavega,FAKE_REPLACE_ME - USD SOFR Vol,FAKE_REPLACE_ME - 5Y,FAKE_REPLACE_ME - 3M,FAKE_REPLACE_ME - BOOK_B,G10,4483852,315538,,,,,,,,,,,,
ir/deltavega,FAKE_REPLACE_ME - USD SOFR Vol,FAKE_REPLACE_ME - 5Y,FAKE_REPLACE_ME - 3M,FAKE_REPLACE_ME - BOOK_C,G10,4780870,-89832,,,,,,,,,,,,
ir/deltavega,FAKE_REPLACE_ME - USD SOFR Vol,FAKE_REPLACE_ME - 5Y,FAKE_REPLACE_ME - 3M,FAKE_REPLACE_ME - BOOK_D,G10,-1603213,-202959,,,,,,,,,,,,
ir/deltavega,FAKE_REPLACE_ME - USD SOFR Vol,FAKE_REPLACE_ME - 5Y,FAKE_REPLACE_ME - 3M,FAKE_REPLACE_ME - BOOK_E,G10,-2783851,-267169,,,,,,,,,,,,
ir/deltavega,FAKE_REPLACE_ME - USD SOFR Vol,FAKE_REPLACE_ME - 5Y,FAKE_REPLACE_ME - 3M,FAKE_REPLACE_ME - BOOK_UNMAPPED,G10,-3025205,-322029,,,,,,,,,,,,
ir/deltavega,FAKE_REPLACE_ME - USD SOFR Vol,FAKE_REPLACE_ME - 5Y,FAKE_REPLACE_ME - 6M,FAKE_REPLACE_ME - BOOK_A,G10,-1942540,289748,,,,,,,,,,,,
ir/deltavega,FAKE_REPLACE_ME - USD SOFR Vol,FAKE_REPLACE_ME - 5Y,FAKE_REPLACE_ME - 6M,FAKE_REPLACE_ME - BOOK_B,G10,-523444,253928,,,,,,,,,,,,
ir/deltavega,FAKE_REPLACE_ME - USD SOFR Vol,FAKE_REPLACE_ME - 5Y,FAKE_REPLACE_ME - 6M,FAKE_REPLACE_ME - BOOK_C,G10,2123284,-512640,,,,,,,,,,,,
ir/deltavega,FAKE_REPLACE_ME - USD SOFR Vol,FAKE_REPLACE_ME - 5Y,FAKE_REPLACE_ME - 6M,FAKE_REPLACE_ME - BOOK_D,G10,3472070,-304395,,,,,,,,,,,,
ir/deltavega,FAKE_REPLACE_ME - USD SOFR Vol,FAKE_REPLACE_ME - 5Y,FAKE_REPLACE_ME - 6M,FAKE_REPLACE_ME - BOOK_E,G10,-2799860,-436922,,,,,,,,,,,,
ir/deltavega,FAKE_REPLACE_ME - USD SOFR Vol,FAKE_REPLACE_ME - 5Y,FAKE_REPLACE_ME - 6M,FAKE_REPLACE_ME - BOOK_UNMAPPED,G10,-1181796,-20797,,,,,,,,,,,,
ir/deltavega,FAKE_REPLACE_ME - EUR ESTR Vol,FAKE_REPLACE_ME - 6M,FAKE_REPLACE_ME - 1M,FAKE_REPLACE_ME - BOOK_A,G10,686096,226749,,,,,,,,,,,,
ir/deltavega,FAKE_REPLACE_ME - EUR ESTR Vol,FAKE_REPLACE_ME - 6M,FAKE_REPLACE_ME - 1M,FAKE_REPLACE_ME - BOOK_B,G10,-2794606,-334393,,,,,,,,,,,,
ir/deltavega,FAKE_REPLACE_ME - EUR ESTR Vol,FAKE_REPLACE_ME - 6M,FAKE_REPLACE_ME - 1M,FAKE_REPLACE_ME - BOOK_C,G10,841551,42900,,,,,,,,,,,,
ir/deltavega,FAKE_REPLACE_ME - EUR ESTR Vol,FAKE_REPLACE_ME - 6M,FAKE_REPLACE_ME - 1M,FAKE_REPLACE_ME - BOOK_D,G10,2930921,-398419,,,,,,,,,,,,
ir/deltavega,FAKE_REPLACE_ME - EUR ESTR Vol,FAKE_REPLACE_ME - 6M,FAKE_REPLACE_ME - 1M,FAKE_REPLACE_ME - BOOK_E,G10,3037713,-151772,,,,,,,,,,,,
ir/deltavega,FAKE_REPLACE_ME - EUR ESTR Vol,FAKE_REPLACE_ME - 6M,FAKE_REPLACE_ME - 1M,FAKE_REPLACE_ME - BOOK_UNMAPPED,G10,2446360,378974,,,,,,,,,,,,
ir/deltavega,FAKE_REPLACE_ME - EUR ESTR Vol,FAKE_REPLACE_ME - 6M,FAKE_REPLACE_ME - 3M,FAKE_REPLACE_ME - BOOK_A,G10,4775657,-178717,,,,,,,,,,,,
ir/deltavega,FAKE_REPLACE_ME - EUR ESTR Vol,FAKE_REPLACE_ME - 6M,FAKE_REPLACE_ME - 3M,FAKE_REPLACE_ME - BOOK_B,G10,899456,-470798,,,,,,,,,,,,
ir/deltavega,FAKE_REPLACE_ME - EUR ESTR Vol,FAKE_REPLACE_ME - 6M,FAKE_REPLACE_ME - 3M,FAKE_REPLACE_ME - BOOK_C,G10,4554318,158825,,,,,,,,,,,,
ir/deltavega,FAKE_REPLACE_ME - EUR ESTR Vol,FAKE_REPLACE_ME - 6M,FAKE_REPLACE_ME - 3M,FAKE_REPLACE_ME - BOOK_D,G10,-1291862,426917,,,,,,,,,,,,
ir/deltavega,FAKE_REPLACE_ME - EUR ESTR Vol,FAKE_REPLACE_ME - 6M,FAKE_REPLACE_ME - 3M,FAKE_REPLACE_ME - BOOK_E,G10,2838232,-391884,,,,,,,,,,,,
ir/deltavega,FAKE_REPLACE_ME - EUR ESTR Vol,FAKE_REPLACE_ME - 6M,FAKE_REPLACE_ME - 3M,FAKE_REPLACE_ME - BOOK_UNMAPPED,G10,3943973,176189,,,,,,,,,,,,
ir/deltavega,FAKE_REPLACE_ME - EUR ESTR Vol,FAKE_REPLACE_ME - 6M,FAKE_REPLACE_ME - 6M,FAKE_REPLACE_ME - BOOK_A,G10,2043781,-274403,,,,,,,,,,,,
ir/deltavega,FAKE_REPLACE_ME - EUR ESTR Vol,FAKE_REPLACE_ME - 6M,FAKE_REPLACE_ME - 6M,FAKE_REPLACE_ME - BOOK_B,G10,4375806,423615,,,,,,,,,,,,
ir/deltavega,FAKE_REPLACE_ME - EUR ESTR Vol,FAKE_REPLACE_ME - 6M,FAKE_REPLACE_ME - 6M,FAKE_REPLACE_ME - BOOK_C,G10,4740583,-31343,,,,,,,,,,,,
ir/deltavega,FAKE_REPLACE_ME - EUR ESTR Vol,FAKE_REPLACE_ME - 6M,FAKE_REPLACE_ME - 6M,FAKE_REPLACE_ME - BOOK_D,G10,-3673802,-222304,,,,,,,,,,,,
ir/deltavega,FAKE_REPLACE_ME - EUR ESTR Vol,FAKE_REPLACE_ME - 6M,FAKE_REPLACE_ME - 6M,FAKE_REPLACE_ME - BOOK_E,G10,4115795,226879,,,,,,,,,,,,
ir/deltavega,FAKE_REPLACE_ME - EUR ESTR Vol,FAKE_REPLACE_ME - 6M,FAKE_REPLACE_ME - 6M,FAKE_REPLACE_ME - BOOK_UNMAPPED,G10,-4106429,311209,,,,,,,,,,,,
ir/deltavega,FAKE_REPLACE_ME - EUR ESTR Vol,FAKE_REPLACE_ME - 1Y,FAKE_REPLACE_ME - 1M,FAKE_REPLACE_ME - BOOK_A,G10,3417185,106612,,,,,,,,,,,,
ir/deltavega,FAKE_REPLACE_ME - EUR ESTR Vol,FAKE_REPLACE_ME - 1Y,FAKE_REPLACE_ME - 1M,FAKE_REPLACE_ME - BOOK_B,G10,3595841,-475808,,,,,,,,,,,,
ir/deltavega,FAKE_REPLACE_ME - EUR ESTR Vol,FAKE_REPLACE_ME - 1Y,FAKE_REPLACE_ME - 1M,FAKE_REPLACE_ME - BOOK_C,G10,1504250,-187940,,,,,,,,,,,,
ir/deltavega,FAKE_REPLACE_ME - EUR ESTR Vol,FAKE_REPLACE_ME - 1Y,FAKE_REPLACE_ME - 1M,FAKE_REPLACE_ME - BOOK_D,G10,-1387148,-245393,,,,,,,,,,,,
ir/deltavega,FAKE_REPLACE_ME - EUR ESTR Vol,FAKE_REPLACE_ME - 1Y,FAKE_REPLACE_ME - 1M,FAKE_REPLACE_ME - BOOK_E,G10,2971417,16123,,,,,,,,,,,,
ir/deltavega,FAKE_REPLACE_ME - EUR ESTR Vol,FAKE_REPLACE_ME - 1Y,FAKE_REPLACE_ME - 1M,FAKE_REPLACE_ME - BOOK_UNMAPPED,G10,3157342,216947,,,,,,,,,,,,
ir/deltavega,FAKE_REPLACE_ME - EUR ESTR Vol,FAKE_REPLACE_ME - 1Y,FAKE_REPLACE_ME - 3M,FAKE_REPLACE_ME - BOOK_A,G10,1738374,-214979,,,,,,,,,,,,
ir/deltavega,FAKE_REPLACE_ME - EUR ESTR Vol,FAKE_REPLACE_ME - 1Y,FAKE_REPLACE_ME - 3M,FAKE_REPLACE_ME - BOOK_B,G10,-2131949,-182284,,,,,,,,,,,,
ir/deltavega,FAKE_REPLACE_ME - EUR ESTR Vol,FAKE_REPLACE_ME - 1Y,FAKE_REPLACE_ME - 3M,FAKE_REPLACE_ME - BOOK_C,G10,-4709541,-233393,,,,,,,,,,,,
ir/deltavega,FAKE_REPLACE_ME - EUR ESTR Vol,FAKE_REPLACE_ME - 1Y,FAKE_REPLACE_ME - 3M,FAKE_REPLACE_ME - BOOK_D,G10,-3463469,76523,,,,,,,,,,,,
ir/deltavega,FAKE_REPLACE_ME - EUR ESTR Vol,FAKE_REPLACE_ME - 1Y,FAKE_REPLACE_ME - 3M,FAKE_REPLACE_ME - BOOK_E,G10,-2974005,-332893,,,,,,,,,,,,
ir/deltavega,FAKE_REPLACE_ME - EUR ESTR Vol,FAKE_REPLACE_ME - 1Y,FAKE_REPLACE_ME - 3M,FAKE_REPLACE_ME - BOOK_UNMAPPED,G10,3358710,330112,,,,,,,,,,,,
ir/deltavega,FAKE_REPLACE_ME - EUR ESTR Vol,FAKE_REPLACE_ME - 1Y,FAKE_REPLACE_ME - 6M,FAKE_REPLACE_ME - BOOK_A,G10,4821962,-423754,,,,,,,,,,,,
ir/deltavega,FAKE_REPLACE_ME - EUR ESTR Vol,FAKE_REPLACE_ME - 1Y,FAKE_REPLACE_ME - 6M,FAKE_REPLACE_ME - BOOK_B,G10,3553439,-472739,,,,,,,,,,,,
ir/deltavega,FAKE_REPLACE_ME - EUR ESTR Vol,FAKE_REPLACE_ME - 1Y,FAKE_REPLACE_ME - 6M,FAKE_REPLACE_ME - BOOK_C,G10,3686212,218591,,,,,,,,,,,,
ir/deltavega,FAKE_REPLACE_ME - EUR ESTR Vol,FAKE_REPLACE_ME - 1Y,FAKE_REPLACE_ME - 6M,FAKE_REPLACE_ME - BOOK_D,G10,-4863297,319176,,,,,,,,,,,,
ir/deltavega,FAKE_REPLACE_ME - EUR ESTR Vol,FAKE_REPLACE_ME - 1Y,FAKE_REPLACE_ME - 6M,FAKE_REPLACE_ME - BOOK_E,G10,2133739,549199,,,,,,,,,,,,
ir/deltavega,FAKE_REPLACE_ME - EUR ESTR Vol,FAKE_REPLACE_ME - 1Y,FAKE_REPLACE_ME - 6M,FAKE_REPLACE_ME - BOOK_UNMAPPED,G10,2153252,-351659,,,,,,,,,,,,
ir/deltavega,FAKE_REPLACE_ME - EUR ESTR Vol,FAKE_REPLACE_ME - 2Y,FAKE_REPLACE_ME - 1M,FAKE_REPLACE_ME - BOOK_A,G10,2495524,493538,,,,,,,,,,,,
ir/deltavega,FAKE_REPLACE_ME - EUR ESTR Vol,FAKE_REPLACE_ME - 2Y,FAKE_REPLACE_ME - 1M,FAKE_REPLACE_ME - BOOK_B,G10,4438176,-400081,,,,,,,,,,,,
ir/deltavega,FAKE_REPLACE_ME - EUR ESTR Vol,FAKE_REPLACE_ME - 2Y,FAKE_REPLACE_ME - 1M,FAKE_REPLACE_ME - BOOK_C,G10,-4978257,49364,,,,,,,,,,,,
ir/deltavega,FAKE_REPLACE_ME - EUR ESTR Vol,FAKE_REPLACE_ME - 2Y,FAKE_REPLACE_ME - 1M,FAKE_REPLACE_ME - BOOK_D,G10,1840499,386718,,,,,,,,,,,,
ir/deltavega,FAKE_REPLACE_ME - EUR ESTR Vol,FAKE_REPLACE_ME - 2Y,FAKE_REPLACE_ME - 1M,FAKE_REPLACE_ME - BOOK_E,G10,3024985,273655,,,,,,,,,,,,
ir/deltavega,FAKE_REPLACE_ME - EUR ESTR Vol,FAKE_REPLACE_ME - 2Y,FAKE_REPLACE_ME - 1M,FAKE_REPLACE_ME - BOOK_UNMAPPED,G10,4507248,303362,,,,,,,,,,,,
ir/deltavega,FAKE_REPLACE_ME - EUR ESTR Vol,FAKE_REPLACE_ME - 2Y,FAKE_REPLACE_ME - 3M,FAKE_REPLACE_ME - BOOK_A,G10,1438186,187735,,,,,,,,,,,,
ir/deltavega,FAKE_REPLACE_ME - EUR ESTR Vol,FAKE_REPLACE_ME - 2Y,FAKE_REPLACE_ME - 3M,FAKE_REPLACE_ME - BOOK_B,G10,-1307499,444256,,,,,,,,,,,,
ir/deltavega,FAKE_REPLACE_ME - EUR ESTR Vol,FAKE_REPLACE_ME - 2Y,FAKE_REPLACE_ME - 3M,FAKE_REPLACE_ME - BOOK_C,G10,-4091074,-149371,,,,,,,,,,,,
ir/deltavega,FAKE_REPLACE_ME - EUR ESTR Vol,FAKE_REPLACE_ME - 2Y,FAKE_REPLACE_ME - 3M,FAKE_REPLACE_ME - BOOK_D,G10,3262640,298203,,,,,,,,,,,,
ir/deltavega,FAKE_REPLACE_ME - EUR ESTR Vol,FAKE_REPLACE_ME - 2Y,FAKE_REPLACE_ME - 3M,FAKE_REPLACE_ME - BOOK_E,G10,-976961,470868,,,,,,,,,,,,
ir/deltavega,FAKE_REPLACE_ME - EUR ESTR Vol,FAKE_REPLACE_ME - 2Y,FAKE_REPLACE_ME - 3M,FAKE_REPLACE_ME - BOOK_UNMAPPED,G10,4336481,-313969,,,,,,,,,,,,
ir/deltavega,FAKE_REPLACE_ME - EUR ESTR Vol,FAKE_REPLACE_ME - 2Y,FAKE_REPLACE_ME - 6M,FAKE_REPLACE_ME - BOOK_A,G10,4495790,181727,,,,,,,,,,,,
ir/deltavega,FAKE_REPLACE_ME - EUR ESTR Vol,FAKE_REPLACE_ME - 2Y,FAKE_REPLACE_ME - 6M,FAKE_REPLACE_ME - BOOK_B,G10,-2237380,-255436,,,,,,,,,,,,
ir/deltavega,FAKE_REPLACE_ME - EUR ESTR Vol,FAKE_REPLACE_ME - 2Y,FAKE_REPLACE_ME - 6M,FAKE_REPLACE_ME - BOOK_C,G10,3123804,-232006,,,,,,,,,,,,
ir/deltavega,FAKE_REPLACE_ME - EUR ESTR Vol,FAKE_REPLACE_ME - 2Y,FAKE_REPLACE_ME - 6M,FAKE_REPLACE_ME - BOOK_D,G10,2519760,-154931,,,,,,,,,,,,
ir/deltavega,FAKE_REPLACE_ME - EUR ESTR Vol,FAKE_REPLACE_ME - 2Y,FAKE_REPLACE_ME - 6M,FAKE_REPLACE_ME - BOOK_E,G10,2291137,12236,,,,,,,,,,,,
ir/deltavega,FAKE_REPLACE_ME - EUR ESTR Vol,FAKE_REPLACE_ME - 2Y,FAKE_REPLACE_ME - 6M,FAKE_REPLACE_ME - BOOK_UNMAPPED,G10,2049588,70510,,,,,,,,,,,,
ir/deltavega,FAKE_REPLACE_ME - EUR ESTR Vol,FAKE_REPLACE_ME - 5Y,FAKE_REPLACE_ME - 1M,FAKE_REPLACE_ME - BOOK_A,G10,-1772540,-394644,,,,,,,,,,,,
ir/deltavega,FAKE_REPLACE_ME - EUR ESTR Vol,FAKE_REPLACE_ME - 5Y,FAKE_REPLACE_ME - 1M,FAKE_REPLACE_ME - BOOK_B,G10,-1018893,-28094,,,,,,,,,,,,
ir/deltavega,FAKE_REPLACE_ME - EUR ESTR Vol,FAKE_REPLACE_ME - 5Y,FAKE_REPLACE_ME - 1M,FAKE_REPLACE_ME - BOOK_C,G10,4436428,-135971,,,,,,,,,,,,
ir/deltavega,FAKE_REPLACE_ME - EUR ESTR Vol,FAKE_REPLACE_ME - 5Y,FAKE_REPLACE_ME - 1M,FAKE_REPLACE_ME - BOOK_D,G10,1952752,-458861,,,,,,,,,,,,
ir/deltavega,FAKE_REPLACE_ME - EUR ESTR Vol,FAKE_REPLACE_ME - 5Y,FAKE_REPLACE_ME - 1M,FAKE_REPLACE_ME - BOOK_E,G10,4238878,-204790,,,,,,,,,,,,
ir/deltavega,FAKE_REPLACE_ME - EUR ESTR Vol,FAKE_REPLACE_ME - 5Y,FAKE_REPLACE_ME - 1M,FAKE_REPLACE_ME - BOOK_UNMAPPED,G10,-3534296,-174961,,,,,,,,,,,,
ir/deltavega,FAKE_REPLACE_ME - EUR ESTR Vol,FAKE_REPLACE_ME - 5Y,FAKE_REPLACE_ME - 3M,FAKE_REPLACE_ME - BOOK_A,G10,-3373388,-506311,,,,,,,,,,,,
ir/deltavega,FAKE_REPLACE_ME - EUR ESTR Vol,FAKE_REPLACE_ME - 5Y,FAKE_REPLACE_ME - 3M,FAKE_REPLACE_ME - BOOK_B,G10,2877279,-169139,,,,,,,,,,,,
ir/deltavega,FAKE_REPLACE_ME - EUR ESTR Vol,FAKE_REPLACE_ME - 5Y,FAKE_REPLACE_ME - 3M,FAKE_REPLACE_ME - BOOK_C,G10,530423,235810,,,,,,,,,,,,
ir/deltavega,FAKE_REPLACE_ME - EUR ESTR Vol,FAKE_REPLACE_ME - 5Y,FAKE_REPLACE_ME - 3M,FAKE_REPLACE_ME - BOOK_D,G10,1266383,-297287,,,,,,,,,,,,
ir/deltavega,FAKE_REPLACE_ME - EUR ESTR Vol,FAKE_REPLACE_ME - 5Y,FAKE_REPLACE_ME - 3M,FAKE_REPLACE_ME - BOOK_E,G10,2976175,-451650,,,,,,,,,,,,
ir/deltavega,FAKE_REPLACE_ME - EUR ESTR Vol,FAKE_REPLACE_ME - 5Y,FAKE_REPLACE_ME - 3M,FAKE_REPLACE_ME - BOOK_UNMAPPED,G10,-3902163,-260210,,,,,,,,,,,,
ir/deltavega,FAKE_REPLACE_ME - EUR ESTR Vol,FAKE_REPLACE_ME - 5Y,FAKE_REPLACE_ME - 6M,FAKE_REPLACE_ME - BOOK_A,G10,2206647,213764,,,,,,,,,,,,
ir/deltavega,FAKE_REPLACE_ME - EUR ESTR Vol,FAKE_REPLACE_ME - 5Y,FAKE_REPLACE_ME - 6M,FAKE_REPLACE_ME - BOOK_B,G10,2497386,-198002,,,,,,,,,,,,
ir/deltavega,FAKE_REPLACE_ME - EUR ESTR Vol,FAKE_REPLACE_ME - 5Y,FAKE_REPLACE_ME - 6M,FAKE_REPLACE_ME - BOOK_C,G10,1666558,-536751,,,,,,,,,,,,
ir/deltavega,FAKE_REPLACE_ME - EUR ESTR Vol,FAKE_REPLACE_ME - 5Y,FAKE_REPLACE_ME - 6M,FAKE_REPLACE_ME - BOOK_D,G10,1107517,-510554,,,,,,,,,,,,
ir/deltavega,FAKE_REPLACE_ME - EUR ESTR Vol,FAKE_REPLACE_ME - 5Y,FAKE_REPLACE_ME - 6M,FAKE_REPLACE_ME - BOOK_E,G10,2200811,265859,,,,,,,,,,,,
ir/deltavega,FAKE_REPLACE_ME - EUR ESTR Vol,FAKE_REPLACE_ME - 5Y,FAKE_REPLACE_ME - 6M,FAKE_REPLACE_ME - BOOK_UNMAPPED,G10,-1875551,-490641,,,,,,,,,,,,
ir/deltavega,FAKE_REPLACE_ME - GBP SONIA Vol,FAKE_REPLACE_ME - 6M,FAKE_REPLACE_ME - 1M,FAKE_REPLACE_ME - BOOK_A,G10,3862387,-209909,,,,,,,,,,,,
ir/deltavega,FAKE_REPLACE_ME - GBP SONIA Vol,FAKE_REPLACE_ME - 6M,FAKE_REPLACE_ME - 1M,FAKE_REPLACE_ME - BOOK_B,G10,1711862,-247183,,,,,,,,,,,,
ir/deltavega,FAKE_REPLACE_ME - GBP SONIA Vol,FAKE_REPLACE_ME - 6M,FAKE_REPLACE_ME - 1M,FAKE_REPLACE_ME - BOOK_C,G10,-1251858,26403,,,,,,,,,,,,
ir/deltavega,FAKE_REPLACE_ME - GBP SONIA Vol,FAKE_REPLACE_ME - 6M,FAKE_REPLACE_ME - 1M,FAKE_REPLACE_ME - BOOK_D,G10,1708997,-503055,,,,,,,,,,,,
ir/deltavega,FAKE_REPLACE_ME - GBP SONIA Vol,FAKE_REPLACE_ME - 6M,FAKE_REPLACE_ME - 1M,FAKE_REPLACE_ME - BOOK_E,G10,3592158,123908,,,,,,,,,,,,
ir/deltavega,FAKE_REPLACE_ME - GBP SONIA Vol,FAKE_REPLACE_ME - 6M,FAKE_REPLACE_ME - 1M,FAKE_REPLACE_ME - BOOK_UNMAPPED,G10,-4106917,-388485,,,,,,,,,,,,
ir/deltavega,FAKE_REPLACE_ME - GBP SONIA Vol,FAKE_REPLACE_ME - 6M,FAKE_REPLACE_ME - 3M,FAKE_REPLACE_ME - BOOK_A,G10,2115917,-145675,,,,,,,,,,,,
ir/deltavega,FAKE_REPLACE_ME - GBP SONIA Vol,FAKE_REPLACE_ME - 6M,FAKE_REPLACE_ME - 3M,FAKE_REPLACE_ME - BOOK_B,G10,3099219,193913,,,,,,,,,,,,
ir/deltavega,FAKE_REPLACE_ME - GBP SONIA Vol,FAKE_REPLACE_ME - 6M,FAKE_REPLACE_ME - 3M,FAKE_REPLACE_ME - BOOK_C,G10,592213,288096,,,,,,,,,,,,
ir/deltavega,FAKE_REPLACE_ME - GBP SONIA Vol,FAKE_REPLACE_ME - 6M,FAKE_REPLACE_ME - 3M,FAKE_REPLACE_ME - BOOK_D,G10,3249811,235337,,,,,,,,,,,,
ir/deltavega,FAKE_REPLACE_ME - GBP SONIA Vol,FAKE_REPLACE_ME - 6M,FAKE_REPLACE_ME - 3M,FAKE_REPLACE_ME - BOOK_E,G10,-2810401,465974,,,,,,,,,,,,
ir/deltavega,FAKE_REPLACE_ME - GBP SONIA Vol,FAKE_REPLACE_ME - 6M,FAKE_REPLACE_ME - 3M,FAKE_REPLACE_ME - BOOK_UNMAPPED,G10,-3537530,295444,,,,,,,,,,,,
ir/deltavega,FAKE_REPLACE_ME - GBP SONIA Vol,FAKE_REPLACE_ME - 6M,FAKE_REPLACE_ME - 6M,FAKE_REPLACE_ME - BOOK_A,G10,2144648,273380,,,,,,,,,,,,
ir/deltavega,FAKE_REPLACE_ME - GBP SONIA Vol,FAKE_REPLACE_ME - 6M,FAKE_REPLACE_ME - 6M,FAKE_REPLACE_ME - BOOK_B,G10,-4600457,418644,,,,,,,,,,,,
ir/deltavega,FAKE_REPLACE_ME - GBP SONIA Vol,FAKE_REPLACE_ME - 6M,FAKE_REPLACE_ME - 6M,FAKE_REPLACE_ME - BOOK_C,G10,1484339,324144,,,,,,,,,,,,
ir/deltavega,FAKE_REPLACE_ME - GBP SONIA Vol,FAKE_REPLACE_ME - 6M,FAKE_REPLACE_ME - 6M,FAKE_REPLACE_ME - BOOK_D,G10,3474365,-118421,,,,,,,,,,,,
ir/deltavega,FAKE_REPLACE_ME - GBP SONIA Vol,FAKE_REPLACE_ME - 6M,FAKE_REPLACE_ME - 6M,FAKE_REPLACE_ME - BOOK_E,G10,2521116,235738,,,,,,,,,,,,
ir/deltavega,FAKE_REPLACE_ME - GBP SONIA Vol,FAKE_REPLACE_ME - 6M,FAKE_REPLACE_ME - 6M,FAKE_REPLACE_ME - BOOK_UNMAPPED,G10,3936456,-199598,,,,,,,,,,,,
ir/deltavega,FAKE_REPLACE_ME - GBP SONIA Vol,FAKE_REPLACE_ME - 1Y,FAKE_REPLACE_ME - 1M,FAKE_REPLACE_ME - BOOK_A,G10,601254,-195196,,,,,,,,,,,,
ir/deltavega,FAKE_REPLACE_ME - GBP SONIA Vol,FAKE_REPLACE_ME - 1Y,FAKE_REPLACE_ME - 1M,FAKE_REPLACE_ME - BOOK_B,G10,2638891,276982,,,,,,,,,,,,
ir/deltavega,FAKE_REPLACE_ME - GBP SONIA Vol,FAKE_REPLACE_ME - 1Y,FAKE_REPLACE_ME - 1M,FAKE_REPLACE_ME - BOOK_C,G10,3586280,217026,,,,,,,,,,,,
ir/deltavega,FAKE_REPLACE_ME - GBP SONIA Vol,FAKE_REPLACE_ME - 1Y,FAKE_REPLACE_ME - 1M,FAKE_REPLACE_ME - BOOK_D,G10,3343449,251350,,,,,,,,,,,,
ir/deltavega,FAKE_REPLACE_ME - GBP SONIA Vol,FAKE_REPLACE_ME - 1Y,FAKE_REPLACE_ME - 1M,FAKE_REPLACE_ME - BOOK_E,G10,515087,522377,,,,,,,,,,,,
ir/deltavega,FAKE_REPLACE_ME - GBP SONIA Vol,FAKE_REPLACE_ME - 1Y,FAKE_REPLACE_ME - 1M,FAKE_REPLACE_ME - BOOK_UNMAPPED,G10,1696582,-188118,,,,,,,,,,,,
ir/deltavega,FAKE_REPLACE_ME - GBP SONIA Vol,FAKE_REPLACE_ME - 1Y,FAKE_REPLACE_ME - 3M,FAKE_REPLACE_ME - BOOK_A,G10,-1950910,122984,,,,,,,,,,,,
ir/deltavega,FAKE_REPLACE_ME - GBP SONIA Vol,FAKE_REPLACE_ME - 1Y,FAKE_REPLACE_ME - 3M,FAKE_REPLACE_ME - BOOK_B,G10,-3317137,307964,,,,,,,,,,,,
ir/deltavega,FAKE_REPLACE_ME - GBP SONIA Vol,FAKE_REPLACE_ME - 1Y,FAKE_REPLACE_ME - 3M,FAKE_REPLACE_ME - BOOK_C,G10,2851921,-143549,,,,,,,,,,,,
ir/deltavega,FAKE_REPLACE_ME - GBP SONIA Vol,FAKE_REPLACE_ME - 1Y,FAKE_REPLACE_ME - 3M,FAKE_REPLACE_ME - BOOK_D,G10,2010400,314980,,,,,,,,,,,,
ir/deltavega,FAKE_REPLACE_ME - GBP SONIA Vol,FAKE_REPLACE_ME - 1Y,FAKE_REPLACE_ME - 3M,FAKE_REPLACE_ME - BOOK_E,G10,1892096,-435900,,,,,,,,,,,,
ir/deltavega,FAKE_REPLACE_ME - GBP SONIA Vol,FAKE_REPLACE_ME - 1Y,FAKE_REPLACE_ME - 3M,FAKE_REPLACE_ME - BOOK_UNMAPPED,G10,-1208914,-413577,,,,,,,,,,,,
ir/deltavega,FAKE_REPLACE_ME - GBP SONIA Vol,FAKE_REPLACE_ME - 1Y,FAKE_REPLACE_ME - 6M,FAKE_REPLACE_ME - BOOK_A,G10,4382259,-117175,,,,,,,,,,,,
ir/deltavega,FAKE_REPLACE_ME - GBP SONIA Vol,FAKE_REPLACE_ME - 1Y,FAKE_REPLACE_ME - 6M,FAKE_REPLACE_ME - BOOK_B,G10,3640395,-277642,,,,,,,,,,,,
ir/deltavega,FAKE_REPLACE_ME - GBP SONIA Vol,FAKE_REPLACE_ME - 1Y,FAKE_REPLACE_ME - 6M,FAKE_REPLACE_ME - BOOK_C,G10,3990047,418851,,,,,,,,,,,,
ir/deltavega,FAKE_REPLACE_ME - GBP SONIA Vol,FAKE_REPLACE_ME - 1Y,FAKE_REPLACE_ME - 6M,FAKE_REPLACE_ME - BOOK_D,G10,-1792965,18237,,,,,,,,,,,,
ir/deltavega,FAKE_REPLACE_ME - GBP SONIA Vol,FAKE_REPLACE_ME - 1Y,FAKE_REPLACE_ME - 6M,FAKE_REPLACE_ME - BOOK_E,G10,-3082243,-111722,,,,,,,,,,,,
ir/deltavega,FAKE_REPLACE_ME - GBP SONIA Vol,FAKE_REPLACE_ME - 1Y,FAKE_REPLACE_ME - 6M,FAKE_REPLACE_ME - BOOK_UNMAPPED,G10,2121804,40564,,,,,,,,,,,,
ir/deltavega,FAKE_REPLACE_ME - GBP SONIA Vol,FAKE_REPLACE_ME - 2Y,FAKE_REPLACE_ME - 1M,FAKE_REPLACE_ME - BOOK_A,G10,1085969,-126036,,,,,,,,,,,,
ir/deltavega,FAKE_REPLACE_ME - GBP SONIA Vol,FAKE_REPLACE_ME - 2Y,FAKE_REPLACE_ME - 1M,FAKE_REPLACE_ME - BOOK_B,G10,-277947,-305161,,,,,,,,,,,,
ir/deltavega,FAKE_REPLACE_ME - GBP SONIA Vol,FAKE_REPLACE_ME - 2Y,FAKE_REPLACE_ME - 1M,FAKE_REPLACE_ME - BOOK_C,G10,443502,452480,,,,,,,,,,,,
ir/deltavega,FAKE_REPLACE_ME - GBP SONIA Vol,FAKE_REPLACE_ME - 2Y,FAKE_REPLACE_ME - 1M,FAKE_REPLACE_ME - BOOK_D,G10,4463731,294973,,,,,,,,,,,,
ir/deltavega,FAKE_REPLACE_ME - GBP SONIA Vol,FAKE_REPLACE_ME - 2Y,FAKE_REPLACE_ME - 1M,FAKE_REPLACE_ME - BOOK_E,G10,-4526744,427889,,,,,,,,,,,,
ir/deltavega,FAKE_REPLACE_ME - GBP SONIA Vol,FAKE_REPLACE_ME - 2Y,FAKE_REPLACE_ME - 1M,FAKE_REPLACE_ME - BOOK_UNMAPPED,G10,-1285531,49711,,,,,,,,,,,,
ir/deltavega,FAKE_REPLACE_ME - GBP SONIA Vol,FAKE_REPLACE_ME - 2Y,FAKE_REPLACE_ME - 3M,FAKE_REPLACE_ME - BOOK_A,G10,-3533848,-479534,,,,,,,,,,,,
ir/deltavega,FAKE_REPLACE_ME - GBP SONIA Vol,FAKE_REPLACE_ME - 2Y,FAKE_REPLACE_ME - 3M,FAKE_REPLACE_ME - BOOK_B,G10,-4770030,138956,,,,,,,,,,,,
ir/deltavega,FAKE_REPLACE_ME - GBP SONIA Vol,FAKE_REPLACE_ME - 2Y,FAKE_REPLACE_ME - 3M,FAKE_REPLACE_ME - BOOK_C,G10,4833966,238329,,,,,,,,,,,,
ir/deltavega,FAKE_REPLACE_ME - GBP SONIA Vol,FAKE_REPLACE_ME - 2Y,FAKE_REPLACE_ME - 3M,FAKE_REPLACE_ME - BOOK_D,G10,646233,356574,,,,,,,,,,,,
ir/deltavega,FAKE_REPLACE_ME - GBP SONIA Vol,FAKE_REPLACE_ME - 2Y,FAKE_REPLACE_ME - 3M,FAKE_REPLACE_ME - BOOK_E,G10,2960869,-228851,,,,,,,,,,,,
ir/deltavega,FAKE_REPLACE_ME - GBP SONIA Vol,FAKE_REPLACE_ME - 2Y,FAKE_REPLACE_ME - 3M,FAKE_REPLACE_ME - BOOK_UNMAPPED,G10,-2839319,-57582,,,,,,,,,,,,
ir/deltavega,FAKE_REPLACE_ME - GBP SONIA Vol,FAKE_REPLACE_ME - 2Y,FAKE_REPLACE_ME - 6M,FAKE_REPLACE_ME - BOOK_A,G10,2174977,-120872,,,,,,,,,,,,
ir/deltavega,FAKE_REPLACE_ME - GBP SONIA Vol,FAKE_REPLACE_ME - 2Y,FAKE_REPLACE_ME - 6M,FAKE_REPLACE_ME - BOOK_B,G10,4627945,-53460,,,,,,,,,,,,
ir/deltavega,FAKE_REPLACE_ME - GBP SONIA Vol,FAKE_REPLACE_ME - 2Y,FAKE_REPLACE_ME - 6M,FAKE_REPLACE_ME - BOOK_C,G10,1041866,-98969,,,,,,,,,,,,
ir/deltavega,FAKE_REPLACE_ME - GBP SONIA Vol,FAKE_REPLACE_ME - 2Y,FAKE_REPLACE_ME - 6M,FAKE_REPLACE_ME - BOOK_D,G10,1307067,338293,,,,,,,,,,,,
ir/deltavega,FAKE_REPLACE_ME - GBP SONIA Vol,FAKE_REPLACE_ME - 2Y,FAKE_REPLACE_ME - 6M,FAKE_REPLACE_ME - BOOK_E,G10,-276278,-454194,,,,,,,,,,,,
ir/deltavega,FAKE_REPLACE_ME - GBP SONIA Vol,FAKE_REPLACE_ME - 2Y,FAKE_REPLACE_ME - 6M,FAKE_REPLACE_ME - BOOK_UNMAPPED,G10,-1955937,-390215,,,,,,,,,,,,
ir/deltavega,FAKE_REPLACE_ME - GBP SONIA Vol,FAKE_REPLACE_ME - 5Y,FAKE_REPLACE_ME - 1M,FAKE_REPLACE_ME - BOOK_A,G10,2915696,74556,,,,,,,,,,,,
ir/deltavega,FAKE_REPLACE_ME - GBP SONIA Vol,FAKE_REPLACE_ME - 5Y,FAKE_REPLACE_ME - 1M,FAKE_REPLACE_ME - BOOK_B,G10,4034770,137961,,,,,,,,,,,,
ir/deltavega,FAKE_REPLACE_ME - GBP SONIA Vol,FAKE_REPLACE_ME - 5Y,FAKE_REPLACE_ME - 1M,FAKE_REPLACE_ME - BOOK_C,G10,3387676,479927,,,,,,,,,,,,
ir/deltavega,FAKE_REPLACE_ME - GBP SONIA Vol,FAKE_REPLACE_ME - 5Y,FAKE_REPLACE_ME - 1M,FAKE_REPLACE_ME - BOOK_D,G10,1702762,-398480,,,,,,,,,,,,
ir/deltavega,FAKE_REPLACE_ME - GBP SONIA Vol,FAKE_REPLACE_ME - 5Y,FAKE_REPLACE_ME - 1M,FAKE_REPLACE_ME - BOOK_E,G10,-771308,-466244,,,,,,,,,,,,
ir/deltavega,FAKE_REPLACE_ME - GBP SONIA Vol,FAKE_REPLACE_ME - 5Y,FAKE_REPLACE_ME - 1M,FAKE_REPLACE_ME - BOOK_UNMAPPED,G10,4640012,440121,,,,,,,,,,,,
ir/deltavega,FAKE_REPLACE_ME - GBP SONIA Vol,FAKE_REPLACE_ME - 5Y,FAKE_REPLACE_ME - 3M,FAKE_REPLACE_ME - BOOK_A,G10,4790517,231432,,,,,,,,,,,,
ir/deltavega,FAKE_REPLACE_ME - GBP SONIA Vol,FAKE_REPLACE_ME - 5Y,FAKE_REPLACE_ME - 3M,FAKE_REPLACE_ME - BOOK_B,G10,1160517,-309936,,,,,,,,,,,,
ir/deltavega,FAKE_REPLACE_ME - GBP SONIA Vol,FAKE_REPLACE_ME - 5Y,FAKE_REPLACE_ME - 3M,FAKE_REPLACE_ME - BOOK_C,G10,638601,341557,,,,,,,,,,,,
ir/deltavega,FAKE_REPLACE_ME - GBP SONIA Vol,FAKE_REPLACE_ME - 5Y,FAKE_REPLACE_ME - 3M,FAKE_REPLACE_ME - BOOK_D,G10,2833098,-223052,,,,,,,,,,,,
ir/deltavega,FAKE_REPLACE_ME - GBP SONIA Vol,FAKE_REPLACE_ME - 5Y,FAKE_REPLACE_ME - 3M,FAKE_REPLACE_ME - BOOK_E,G10,-700875,140698,,,,,,,,,,,,
ir/deltavega,FAKE_REPLACE_ME - GBP SONIA Vol,FAKE_REPLACE_ME - 5Y,FAKE_REPLACE_ME - 3M,FAKE_REPLACE_ME - BOOK_UNMAPPED,G10,-2279467,-472915,,,,,,,,,,,,
ir/deltavega,FAKE_REPLACE_ME - GBP SONIA Vol,FAKE_REPLACE_ME - 5Y,FAKE_REPLACE_ME - 6M,FAKE_REPLACE_ME - BOOK_A,G10,819504,-461600,,,,,,,,,,,,
ir/deltavega,FAKE_REPLACE_ME - GBP SONIA Vol,FAKE_REPLACE_ME - 5Y,FAKE_REPLACE_ME - 6M,FAKE_REPLACE_ME - BOOK_B,G10,855429,-349433,,,,,,,,,,,,
ir/deltavega,FAKE_REPLACE_ME - GBP SONIA Vol,FAKE_REPLACE_ME - 5Y,FAKE_REPLACE_ME - 6M,FAKE_REPLACE_ME - BOOK_C,G10,2242171,171805,,,,,,,,,,,,
ir/deltavega,FAKE_REPLACE_ME - GBP SONIA Vol,FAKE_REPLACE_ME - 5Y,FAKE_REPLACE_ME - 6M,FAKE_REPLACE_ME - BOOK_D,G10,3642596,-540511,,,,,,,,,,,,
ir/deltavega,FAKE_REPLACE_ME - GBP SONIA Vol,FAKE_REPLACE_ME - 5Y,FAKE_REPLACE_ME - 6M,FAKE_REPLACE_ME - BOOK_E,G10,3663050,270519,,,,,,,,,,,,
ir/deltavega,FAKE_REPLACE_ME - GBP SONIA Vol,FAKE_REPLACE_ME - 5Y,FAKE_REPLACE_ME - 6M,FAKE_REPLACE_ME - BOOK_UNMAPPED,G10,4198068,-214468,,,,,,,,,,,,
ir/xccy,FAKE_REPLACE_ME - EUR/USD XCCY,FAKE_REPLACE_ME - 1Y,,FAKE_REPLACE_ME - BOOK_A,G10,4893921,-312970,,,,,,,,,,,,
ir/xccy,FAKE_REPLACE_ME - EUR/USD XCCY,FAKE_REPLACE_ME - 1Y,,FAKE_REPLACE_ME - BOOK_B,G10,3898673,-448613,,,,,,,,,,,,
ir/xccy,FAKE_REPLACE_ME - EUR/USD XCCY,FAKE_REPLACE_ME - 1Y,,FAKE_REPLACE_ME - BOOK_C,G10,-3570963,-508286,,,,,,,,,,,,
ir/xccy,FAKE_REPLACE_ME - EUR/USD XCCY,FAKE_REPLACE_ME - 1Y,,FAKE_REPLACE_ME - BOOK_D,G10,4329965,276084,,,,,,,,,,,,
ir/xccy,FAKE_REPLACE_ME - EUR/USD XCCY,FAKE_REPLACE_ME - 1Y,,FAKE_REPLACE_ME - BOOK_E,G10,-4104503,232483,,,,,,,,,,,,
ir/xccy,FAKE_REPLACE_ME - EUR/USD XCCY,FAKE_REPLACE_ME - 1Y,,FAKE_REPLACE_ME - BOOK_UNMAPPED,G10,3441242,85556,,,,,,,,,,,,
ir/xccy,FAKE_REPLACE_ME - EUR/USD XCCY,FAKE_REPLACE_ME - 2Y,,FAKE_REPLACE_ME - BOOK_A,G10,-364753,-62882,,,,,,,,,,,,
ir/xccy,FAKE_REPLACE_ME - EUR/USD XCCY,FAKE_REPLACE_ME - 2Y,,FAKE_REPLACE_ME - BOOK_B,G10,-3686201,-327210,,,,,,,,,,,,
ir/xccy,FAKE_REPLACE_ME - EUR/USD XCCY,FAKE_REPLACE_ME - 2Y,,FAKE_REPLACE_ME - BOOK_C,G10,-3635877,-36972,,,,,,,,,,,,
ir/xccy,FAKE_REPLACE_ME - EUR/USD XCCY,FAKE_REPLACE_ME - 2Y,,FAKE_REPLACE_ME - BOOK_D,G10,-3737124,-282022,,,,,,,,,,,,
ir/xccy,FAKE_REPLACE_ME - EUR/USD XCCY,FAKE_REPLACE_ME - 2Y,,FAKE_REPLACE_ME - BOOK_E,G10,-3302435,-456476,,,,,,,,,,,,
ir/xccy,FAKE_REPLACE_ME - EUR/USD XCCY,FAKE_REPLACE_ME - 2Y,,FAKE_REPLACE_ME - BOOK_UNMAPPED,G10,484008,-334504,,,,,,,,,,,,
ir/xccy,FAKE_REPLACE_ME - EUR/USD XCCY,FAKE_REPLACE_ME - 5Y,,FAKE_REPLACE_ME - BOOK_A,G10,4509766,285288,,,,,,,,,,,,
ir/xccy,FAKE_REPLACE_ME - EUR/USD XCCY,FAKE_REPLACE_ME - 5Y,,FAKE_REPLACE_ME - BOOK_B,G10,2990588,-381150,,,,,,,,,,,,
ir/xccy,FAKE_REPLACE_ME - EUR/USD XCCY,FAKE_REPLACE_ME - 5Y,,FAKE_REPLACE_ME - BOOK_C,G10,-2174229,511071,,,,,,,,,,,,
ir/xccy,FAKE_REPLACE_ME - EUR/USD XCCY,FAKE_REPLACE_ME - 5Y,,FAKE_REPLACE_ME - BOOK_D,G10,2137994,543881,,,,,,,,,,,,
ir/xccy,FAKE_REPLACE_ME - EUR/USD XCCY,FAKE_REPLACE_ME - 5Y,,FAKE_REPLACE_ME - BOOK_E,G10,3113554,417886,,,,,,,,,,,,
ir/xccy,FAKE_REPLACE_ME - EUR/USD XCCY,FAKE_REPLACE_ME - 5Y,,FAKE_REPLACE_ME - BOOK_UNMAPPED,G10,-3173359,160587,,,,,,,,,,,,
ir/xccy,FAKE_REPLACE_ME - GBP/USD XCCY,FAKE_REPLACE_ME - 1Y,,FAKE_REPLACE_ME - BOOK_A,G10,-1931693,-390806,,,,,,,,,,,,
ir/xccy,FAKE_REPLACE_ME - GBP/USD XCCY,FAKE_REPLACE_ME - 1Y,,FAKE_REPLACE_ME - BOOK_B,G10,4437962,-159429,,,,,,,,,,,,
ir/xccy,FAKE_REPLACE_ME - GBP/USD XCCY,FAKE_REPLACE_ME - 1Y,,FAKE_REPLACE_ME - BOOK_C,G10,-4411188,-311456,,,,,,,,,,,,
ir/xccy,FAKE_REPLACE_ME - GBP/USD XCCY,FAKE_REPLACE_ME - 1Y,,FAKE_REPLACE_ME - BOOK_D,G10,2459182,317357,,,,,,,,,,,,
ir/xccy,FAKE_REPLACE_ME - GBP/USD XCCY,FAKE_REPLACE_ME - 1Y,,FAKE_REPLACE_ME - BOOK_E,G10,4531419,-168457,,,,,,,,,,,,
ir/xccy,FAKE_REPLACE_ME - GBP/USD XCCY,FAKE_REPLACE_ME - 1Y,,FAKE_REPLACE_ME - BOOK_UNMAPPED,G10,2953123,-231335,,,,,,,,,,,,
ir/xccy,FAKE_REPLACE_ME - GBP/USD XCCY,FAKE_REPLACE_ME - 2Y,,FAKE_REPLACE_ME - BOOK_A,G10,661729,-188114,,,,,,,,,,,,
ir/xccy,FAKE_REPLACE_ME - GBP/USD XCCY,FAKE_REPLACE_ME - 2Y,,FAKE_REPLACE_ME - BOOK_B,G10,1041484,179022,,,,,,,,,,,,
ir/xccy,FAKE_REPLACE_ME - GBP/USD XCCY,FAKE_REPLACE_ME - 2Y,,FAKE_REPLACE_ME - BOOK_C,G10,2618952,-77042,,,,,,,,,,,,
ir/xccy,FAKE_REPLACE_ME - GBP/USD XCCY,FAKE_REPLACE_ME - 2Y,,FAKE_REPLACE_ME - BOOK_D,G10,-1806054,-506430,,,,,,,,,,,,
ir/xccy,FAKE_REPLACE_ME - GBP/USD XCCY,FAKE_REPLACE_ME - 2Y,,FAKE_REPLACE_ME - BOOK_E,G10,4849340,-468347,,,,,,,,,,,,
ir/xccy,FAKE_REPLACE_ME - GBP/USD XCCY,FAKE_REPLACE_ME - 2Y,,FAKE_REPLACE_ME - BOOK_UNMAPPED,G10,4914223,282234,,,,,,,,,,,,
ir/xccy,FAKE_REPLACE_ME - GBP/USD XCCY,FAKE_REPLACE_ME - 5Y,,FAKE_REPLACE_ME - BOOK_A,G10,-1515719,344929,,,,,,,,,,,,
ir/xccy,FAKE_REPLACE_ME - GBP/USD XCCY,FAKE_REPLACE_ME - 5Y,,FAKE_REPLACE_ME - BOOK_B,G10,485226,357230,,,,,,,,,,,,
ir/xccy,FAKE_REPLACE_ME - GBP/USD XCCY,FAKE_REPLACE_ME - 5Y,,FAKE_REPLACE_ME - BOOK_C,G10,4335464,522713,,,,,,,,,,,,
ir/xccy,FAKE_REPLACE_ME - GBP/USD XCCY,FAKE_REPLACE_ME - 5Y,,FAKE_REPLACE_ME - BOOK_D,G10,3224951,253649,,,,,,,,,,,,
ir/xccy,FAKE_REPLACE_ME - GBP/USD XCCY,FAKE_REPLACE_ME - 5Y,,FAKE_REPLACE_ME - BOOK_E,G10,2911284,370036,,,,,,,,,,,,
ir/xccy,FAKE_REPLACE_ME - GBP/USD XCCY,FAKE_REPLACE_ME - 5Y,,FAKE_REPLACE_ME - BOOK_UNMAPPED,G10,-1883658,447913,,,,,,,,,,,,
ir/xccy,FAKE_REPLACE_ME - USD/JPY XCCY,FAKE_REPLACE_ME - 1Y,,FAKE_REPLACE_ME - BOOK_A,G10,2285218,282926,,,,,,,,,,,,
ir/xccy,FAKE_REPLACE_ME - USD/JPY XCCY,FAKE_REPLACE_ME - 1Y,,FAKE_REPLACE_ME - BOOK_B,G10,4861444,65286,,,,,,,,,,,,
ir/xccy,FAKE_REPLACE_ME - USD/JPY XCCY,FAKE_REPLACE_ME - 1Y,,FAKE_REPLACE_ME - BOOK_C,G10,-3699668,-25050,,,,,,,,,,,,
ir/xccy,FAKE_REPLACE_ME - USD/JPY XCCY,FAKE_REPLACE_ME - 1Y,,FAKE_REPLACE_ME - BOOK_D,G10,4669813,20072,,,,,,,,,,,,
ir/xccy,FAKE_REPLACE_ME - USD/JPY XCCY,FAKE_REPLACE_ME - 1Y,,FAKE_REPLACE_ME - BOOK_E,G10,-597465,-172368,,,,,,,,,,,,
ir/xccy,FAKE_REPLACE_ME - USD/JPY XCCY,FAKE_REPLACE_ME - 1Y,,FAKE_REPLACE_ME - BOOK_UNMAPPED,G10,4833729,-508008,,,,,,,,,,,,
ir/xccy,FAKE_REPLACE_ME - USD/JPY XCCY,FAKE_REPLACE_ME - 2Y,,FAKE_REPLACE_ME - BOOK_A,G10,3045358,-515813,,,,,,,,,,,,
ir/xccy,FAKE_REPLACE_ME - USD/JPY XCCY,FAKE_REPLACE_ME - 2Y,,FAKE_REPLACE_ME - BOOK_B,G10,1269234,58678,,,,,,,,,,,,
ir/xccy,FAKE_REPLACE_ME - USD/JPY XCCY,FAKE_REPLACE_ME - 2Y,,FAKE_REPLACE_ME - BOOK_C,G10,2253239,206385,,,,,,,,,,,,
ir/xccy,FAKE_REPLACE_ME - USD/JPY XCCY,FAKE_REPLACE_ME - 2Y,,FAKE_REPLACE_ME - BOOK_D,G10,859492,306797,,,,,,,,,,,,
ir/xccy,FAKE_REPLACE_ME - USD/JPY XCCY,FAKE_REPLACE_ME - 2Y,,FAKE_REPLACE_ME - BOOK_E,G10,3030472,-488875,,,,,,,,,,,,
ir/xccy,FAKE_REPLACE_ME - USD/JPY XCCY,FAKE_REPLACE_ME - 2Y,,FAKE_REPLACE_ME - BOOK_UNMAPPED,G10,1322222,362301,,,,,,,,,,,,
ir/xccy,FAKE_REPLACE_ME - USD/JPY XCCY,FAKE_REPLACE_ME - 5Y,,FAKE_REPLACE_ME - BOOK_A,G10,-3632191,147032,,,,,,,,,,,,
ir/xccy,FAKE_REPLACE_ME - USD/JPY XCCY,FAKE_REPLACE_ME - 5Y,,FAKE_REPLACE_ME - BOOK_B,G10,-2612273,-286921,,,,,,,,,,,,
ir/xccy,FAKE_REPLACE_ME - USD/JPY XCCY,FAKE_REPLACE_ME - 5Y,,FAKE_REPLACE_ME - BOOK_C,G10,564165,-506753,,,,,,,,,,,,
ir/xccy,FAKE_REPLACE_ME - USD/JPY XCCY,FAKE_REPLACE_ME - 5Y,,FAKE_REPLACE_ME - BOOK_D,G10,-553703,364496,,,,,,,,,,,,
ir/xccy,FAKE_REPLACE_ME - USD/JPY XCCY,FAKE_REPLACE_ME - 5Y,,FAKE_REPLACE_ME - BOOK_E,G10,-1968240,402988,,,,,,,,,,,,
ir/xccy,FAKE_REPLACE_ME - USD/JPY XCCY,FAKE_REPLACE_ME - 5Y,,FAKE_REPLACE_ME - BOOK_UNMAPPED,G10,967686,-255739,,,,,,,,,,,,
ir/xccyvega,FAKE_REPLACE_ME - EUR/USD XCCY Vol,FAKE_REPLACE_ME - 1Y,FAKE_REPLACE_ME - 3M,FAKE_REPLACE_ME - BOOK_A,G10,-1398048,515134,,,,,,,,,,,,
ir/xccyvega,FAKE_REPLACE_ME - EUR/USD XCCY Vol,FAKE_REPLACE_ME - 1Y,FAKE_REPLACE_ME - 3M,FAKE_REPLACE_ME - BOOK_B,G10,-4322088,188602,,,,,,,,,,,,
ir/xccyvega,FAKE_REPLACE_ME - EUR/USD XCCY Vol,FAKE_REPLACE_ME - 1Y,FAKE_REPLACE_ME - 3M,FAKE_REPLACE_ME - BOOK_C,G10,-4825434,232011,,,,,,,,,,,,
ir/xccyvega,FAKE_REPLACE_ME - EUR/USD XCCY Vol,FAKE_REPLACE_ME - 1Y,FAKE_REPLACE_ME - 3M,FAKE_REPLACE_ME - BOOK_D,G10,-4814498,-150150,,,,,,,,,,,,
ir/xccyvega,FAKE_REPLACE_ME - EUR/USD XCCY Vol,FAKE_REPLACE_ME - 1Y,FAKE_REPLACE_ME - 3M,FAKE_REPLACE_ME - BOOK_E,G10,4143305,-426423,,,,,,,,,,,,
ir/xccyvega,FAKE_REPLACE_ME - EUR/USD XCCY Vol,FAKE_REPLACE_ME - 1Y,FAKE_REPLACE_ME - 3M,FAKE_REPLACE_ME - BOOK_UNMAPPED,G10,4276264,375469,,,,,,,,,,,,
ir/xccyvega,FAKE_REPLACE_ME - EUR/USD XCCY Vol,FAKE_REPLACE_ME - 1Y,FAKE_REPLACE_ME - 6M,FAKE_REPLACE_ME - BOOK_A,G10,-4174919,469196,,,,,,,,,,,,
ir/xccyvega,FAKE_REPLACE_ME - EUR/USD XCCY Vol,FAKE_REPLACE_ME - 1Y,FAKE_REPLACE_ME - 6M,FAKE_REPLACE_ME - BOOK_B,G10,-3166008,-261251,,,,,,,,,,,,
ir/xccyvega,FAKE_REPLACE_ME - EUR/USD XCCY Vol,FAKE_REPLACE_ME - 1Y,FAKE_REPLACE_ME - 6M,FAKE_REPLACE_ME - BOOK_C,G10,2782957,-226836,,,,,,,,,,,,
ir/xccyvega,FAKE_REPLACE_ME - EUR/USD XCCY Vol,FAKE_REPLACE_ME - 1Y,FAKE_REPLACE_ME - 6M,FAKE_REPLACE_ME - BOOK_D,G10,-4517284,243015,,,,,,,,,,,,
ir/xccyvega,FAKE_REPLACE_ME - EUR/USD XCCY Vol,FAKE_REPLACE_ME - 1Y,FAKE_REPLACE_ME - 6M,FAKE_REPLACE_ME - BOOK_E,G10,2513016,-503641,,,,,,,,,,,,
ir/xccyvega,FAKE_REPLACE_ME - EUR/USD XCCY Vol,FAKE_REPLACE_ME - 1Y,FAKE_REPLACE_ME - 6M,FAKE_REPLACE_ME - BOOK_UNMAPPED,G10,-309932,549864,,,,,,,,,,,,
ir/xccyvega,FAKE_REPLACE_ME - EUR/USD XCCY Vol,FAKE_REPLACE_ME - 1Y,FAKE_REPLACE_ME - 1Y,FAKE_REPLACE_ME - BOOK_A,G10,-3682959,187106,,,,,,,,,,,,
ir/xccyvega,FAKE_REPLACE_ME - EUR/USD XCCY Vol,FAKE_REPLACE_ME - 1Y,FAKE_REPLACE_ME - 1Y,FAKE_REPLACE_ME - BOOK_B,G10,2794096,-143028,,,,,,,,,,,,
ir/xccyvega,FAKE_REPLACE_ME - EUR/USD XCCY Vol,FAKE_REPLACE_ME - 1Y,FAKE_REPLACE_ME - 1Y,FAKE_REPLACE_ME - BOOK_C,G10,2449611,223477,,,,,,,,,,,,
ir/xccyvega,FAKE_REPLACE_ME - EUR/USD XCCY Vol,FAKE_REPLACE_ME - 1Y,FAKE_REPLACE_ME - 1Y,FAKE_REPLACE_ME - BOOK_D,G10,3949610,334428,,,,,,,,,,,,
ir/xccyvega,FAKE_REPLACE_ME - EUR/USD XCCY Vol,FAKE_REPLACE_ME - 1Y,FAKE_REPLACE_ME - 1Y,FAKE_REPLACE_ME - BOOK_E,G10,-2978127,-142533,,,,,,,,,,,,
ir/xccyvega,FAKE_REPLACE_ME - EUR/USD XCCY Vol,FAKE_REPLACE_ME - 1Y,FAKE_REPLACE_ME - 1Y,FAKE_REPLACE_ME - BOOK_UNMAPPED,G10,-2310602,-456183,,,,,,,,,,,,
ir/xccyvega,FAKE_REPLACE_ME - EUR/USD XCCY Vol,FAKE_REPLACE_ME - 3Y,FAKE_REPLACE_ME - 3M,FAKE_REPLACE_ME - BOOK_A,G10,3438978,-80164,,,,,,,,,,,,
ir/xccyvega,FAKE_REPLACE_ME - EUR/USD XCCY Vol,FAKE_REPLACE_ME - 3Y,FAKE_REPLACE_ME - 3M,FAKE_REPLACE_ME - BOOK_B,G10,-1584015,-507318,,,,,,,,,,,,
ir/xccyvega,FAKE_REPLACE_ME - EUR/USD XCCY Vol,FAKE_REPLACE_ME - 3Y,FAKE_REPLACE_ME - 3M,FAKE_REPLACE_ME - BOOK_C,G10,4767779,115788,,,,,,,,,,,,
ir/xccyvega,FAKE_REPLACE_ME - EUR/USD XCCY Vol,FAKE_REPLACE_ME - 3Y,FAKE_REPLACE_ME - 3M,FAKE_REPLACE_ME - BOOK_D,G10,-1849366,-52998,,,,,,,,,,,,
ir/xccyvega,FAKE_REPLACE_ME - EUR/USD XCCY Vol,FAKE_REPLACE_ME - 3Y,FAKE_REPLACE_ME - 3M,FAKE_REPLACE_ME - BOOK_E,G10,4611764,180178,,,,,,,,,,,,
ir/xccyvega,FAKE_REPLACE_ME - EUR/USD XCCY Vol,FAKE_REPLACE_ME - 3Y,FAKE_REPLACE_ME - 3M,FAKE_REPLACE_ME - BOOK_UNMAPPED,G10,2030558,-432342,,,,,,,,,,,,
ir/xccyvega,FAKE_REPLACE_ME - EUR/USD XCCY Vol,FAKE_REPLACE_ME - 3Y,FAKE_REPLACE_ME - 6M,FAKE_REPLACE_ME - BOOK_A,G10,727556,-330380,,,,,,,,,,,,
ir/xccyvega,FAKE_REPLACE_ME - EUR/USD XCCY Vol,FAKE_REPLACE_ME - 3Y,FAKE_REPLACE_ME - 6M,FAKE_REPLACE_ME - BOOK_B,G10,748542,423468,,,,,,,,,,,,
ir/xccyvega,FAKE_REPLACE_ME - EUR/USD XCCY Vol,FAKE_REPLACE_ME - 3Y,FAKE_REPLACE_ME - 6M,FAKE_REPLACE_ME - BOOK_C,G10,2608908,224231,,,,,,,,,,,,
ir/xccyvega,FAKE_REPLACE_ME - EUR/USD XCCY Vol,FAKE_REPLACE_ME - 3Y,FAKE_REPLACE_ME - 6M,FAKE_REPLACE_ME - BOOK_D,G10,-568343,431699,,,,,,,,,,,,
ir/xccyvega,FAKE_REPLACE_ME - EUR/USD XCCY Vol,FAKE_REPLACE_ME - 3Y,FAKE_REPLACE_ME - 6M,FAKE_REPLACE_ME - BOOK_E,G10,3903925,107607,,,,,,,,,,,,
ir/xccyvega,FAKE_REPLACE_ME - EUR/USD XCCY Vol,FAKE_REPLACE_ME - 3Y,FAKE_REPLACE_ME - 6M,FAKE_REPLACE_ME - BOOK_UNMAPPED,G10,4581336,298477,,,,,,,,,,,,
ir/xccyvega,FAKE_REPLACE_ME - EUR/USD XCCY Vol,FAKE_REPLACE_ME - 3Y,FAKE_REPLACE_ME - 1Y,FAKE_REPLACE_ME - BOOK_A,G10,2133940,359122,,,,,,,,,,,,
ir/xccyvega,FAKE_REPLACE_ME - EUR/USD XCCY Vol,FAKE_REPLACE_ME - 3Y,FAKE_REPLACE_ME - 1Y,FAKE_REPLACE_ME - BOOK_B,G10,3646793,-343367,,,,,,,,,,,,
ir/xccyvega,FAKE_REPLACE_ME - EUR/USD XCCY Vol,FAKE_REPLACE_ME - 3Y,FAKE_REPLACE_ME - 1Y,FAKE_REPLACE_ME - BOOK_C,G10,1366858,-80597,,,,,,,,,,,,
ir/xccyvega,FAKE_REPLACE_ME - EUR/USD XCCY Vol,FAKE_REPLACE_ME - 3Y,FAKE_REPLACE_ME - 1Y,FAKE_REPLACE_ME - BOOK_D,G10,-2278058,-25147,,,,,,,,,,,,
ir/xccyvega,FAKE_REPLACE_ME - EUR/USD XCCY Vol,FAKE_REPLACE_ME - 3Y,FAKE_REPLACE_ME - 1Y,FAKE_REPLACE_ME - BOOK_E,G10,276681,-355146,,,,,,,,,,,,
ir/xccyvega,FAKE_REPLACE_ME - EUR/USD XCCY Vol,FAKE_REPLACE_ME - 3Y,FAKE_REPLACE_ME - 1Y,FAKE_REPLACE_ME - BOOK_UNMAPPED,G10,1920767,29603,,,,,,,,,,,,
ir/xccyvega,FAKE_REPLACE_ME - EUR/USD XCCY Vol,FAKE_REPLACE_ME - 5Y,FAKE_REPLACE_ME - 3M,FAKE_REPLACE_ME - BOOK_A,G10,-3266492,-231895,,,,,,,,,,,,
ir/xccyvega,FAKE_REPLACE_ME - EUR/USD XCCY Vol,FAKE_REPLACE_ME - 5Y,FAKE_REPLACE_ME - 3M,FAKE_REPLACE_ME - BOOK_B,G10,3226915,-273423,,,,,,,,,,,,
ir/xccyvega,FAKE_REPLACE_ME - EUR/USD XCCY Vol,FAKE_REPLACE_ME - 5Y,FAKE_REPLACE_ME - 3M,FAKE_REPLACE_ME - BOOK_C,G10,4378819,458149,,,,,,,,,,,,
ir/xccyvega,FAKE_REPLACE_ME - EUR/USD XCCY Vol,FAKE_REPLACE_ME - 5Y,FAKE_REPLACE_ME - 3M,FAKE_REPLACE_ME - BOOK_D,G10,260786,-73132,,,,,,,,,,,,
ir/xccyvega,FAKE_REPLACE_ME - EUR/USD XCCY Vol,FAKE_REPLACE_ME - 5Y,FAKE_REPLACE_ME - 3M,FAKE_REPLACE_ME - BOOK_E,G10,-2601324,-155739,,,,,,,,,,,,
ir/xccyvega,FAKE_REPLACE_ME - EUR/USD XCCY Vol,FAKE_REPLACE_ME - 5Y,FAKE_REPLACE_ME - 3M,FAKE_REPLACE_ME - BOOK_UNMAPPED,G10,1021437,-215099,,,,,,,,,,,,
ir/xccyvega,FAKE_REPLACE_ME - EUR/USD XCCY Vol,FAKE_REPLACE_ME - 5Y,FAKE_REPLACE_ME - 6M,FAKE_REPLACE_ME - BOOK_A,G10,1492696,-228312,,,,,,,,,,,,
ir/xccyvega,FAKE_REPLACE_ME - EUR/USD XCCY Vol,FAKE_REPLACE_ME - 5Y,FAKE_REPLACE_ME - 6M,FAKE_REPLACE_ME - BOOK_B,G10,1938799,288318,,,,,,,,,,,,
ir/xccyvega,FAKE_REPLACE_ME - EUR/USD XCCY Vol,FAKE_REPLACE_ME - 5Y,FAKE_REPLACE_ME - 6M,FAKE_REPLACE_ME - BOOK_C,G10,-3996362,336288,,,,,,,,,,,,
ir/xccyvega,FAKE_REPLACE_ME - EUR/USD XCCY Vol,FAKE_REPLACE_ME - 5Y,FAKE_REPLACE_ME - 6M,FAKE_REPLACE_ME - BOOK_D,G10,-2570847,-244599,,,,,,,,,,,,
ir/xccyvega,FAKE_REPLACE_ME - EUR/USD XCCY Vol,FAKE_REPLACE_ME - 5Y,FAKE_REPLACE_ME - 6M,FAKE_REPLACE_ME - BOOK_E,G10,2188706,329602,,,,,,,,,,,,
ir/xccyvega,FAKE_REPLACE_ME - EUR/USD XCCY Vol,FAKE_REPLACE_ME - 5Y,FAKE_REPLACE_ME - 6M,FAKE_REPLACE_ME - BOOK_UNMAPPED,G10,4260482,-269832,,,,,,,,,,,,
ir/xccyvega,FAKE_REPLACE_ME - EUR/USD XCCY Vol,FAKE_REPLACE_ME - 5Y,FAKE_REPLACE_ME - 1Y,FAKE_REPLACE_ME - BOOK_A,G10,3586211,-217967,,,,,,,,,,,,
ir/xccyvega,FAKE_REPLACE_ME - EUR/USD XCCY Vol,FAKE_REPLACE_ME - 5Y,FAKE_REPLACE_ME - 1Y,FAKE_REPLACE_ME - BOOK_B,G10,-540934,-236226,,,,,,,,,,,,
ir/xccyvega,FAKE_REPLACE_ME - EUR/USD XCCY Vol,FAKE_REPLACE_ME - 5Y,FAKE_REPLACE_ME - 1Y,FAKE_REPLACE_ME - BOOK_C,G10,3019363,-52738,,,,,,,,,,,,
ir/xccyvega,FAKE_REPLACE_ME - EUR/USD XCCY Vol,FAKE_REPLACE_ME - 5Y,FAKE_REPLACE_ME - 1Y,FAKE_REPLACE_ME - BOOK_D,G10,-4230122,412233,,,,,,,,,,,,
ir/xccyvega,FAKE_REPLACE_ME - EUR/USD XCCY Vol,FAKE_REPLACE_ME - 5Y,FAKE_REPLACE_ME - 1Y,FAKE_REPLACE_ME - BOOK_E,G10,-1589925,390147,,,,,,,,,,,,
ir/xccyvega,FAKE_REPLACE_ME - EUR/USD XCCY Vol,FAKE_REPLACE_ME - 5Y,FAKE_REPLACE_ME - 1Y,FAKE_REPLACE_ME - BOOK_UNMAPPED,G10,2296985,-504828,,,,,,,,,,,,
ir/xccyvega,FAKE_REPLACE_ME - EUR/USD XCCY Vol,FAKE_REPLACE_ME - 10Y,FAKE_REPLACE_ME - 3M,FAKE_REPLACE_ME - BOOK_A,G10,-514098,-329030,,,,,,,,,,,,
ir/xccyvega,FAKE_REPLACE_ME - EUR/USD XCCY Vol,FAKE_REPLACE_ME - 10Y,FAKE_REPLACE_ME - 3M,FAKE_REPLACE_ME - BOOK_B,G10,-1017007,330103,,,,,,,,,,,,
ir/xccyvega,FAKE_REPLACE_ME - EUR/USD XCCY Vol,FAKE_REPLACE_ME - 10Y,FAKE_REPLACE_ME - 3M,FAKE_REPLACE_ME - BOOK_C,G10,-3056739,-148112,,,,,,,,,,,,
ir/xccyvega,FAKE_REPLACE_ME - EUR/USD XCCY Vol,FAKE_REPLACE_ME - 10Y,FAKE_REPLACE_ME - 3M,FAKE_REPLACE_ME - BOOK_D,G10,4757287,-312137,,,,,,,,,,,,
ir/xccyvega,FAKE_REPLACE_ME - EUR/USD XCCY Vol,FAKE_REPLACE_ME - 10Y,FAKE_REPLACE_ME - 3M,FAKE_REPLACE_ME - BOOK_E,G10,1632405,-191735,,,,,,,,,,,,
ir/xccyvega,FAKE_REPLACE_ME - EUR/USD XCCY Vol,FAKE_REPLACE_ME - 10Y,FAKE_REPLACE_ME - 3M,FAKE_REPLACE_ME - BOOK_UNMAPPED,G10,-3519345,-219994,,,,,,,,,,,,
ir/xccyvega,FAKE_REPLACE_ME - EUR/USD XCCY Vol,FAKE_REPLACE_ME - 10Y,FAKE_REPLACE_ME - 6M,FAKE_REPLACE_ME - BOOK_A,G10,3453931,-350290,,,,,,,,,,,,
ir/xccyvega,FAKE_REPLACE_ME - EUR/USD XCCY Vol,FAKE_REPLACE_ME - 10Y,FAKE_REPLACE_ME - 6M,FAKE_REPLACE_ME - BOOK_B,G10,3040481,178513,,,,,,,,,,,,
ir/xccyvega,FAKE_REPLACE_ME - EUR/USD XCCY Vol,FAKE_REPLACE_ME - 10Y,FAKE_REPLACE_ME - 6M,FAKE_REPLACE_ME - BOOK_C,G10,3751086,-537616,,,,,,,,,,,,
ir/xccyvega,FAKE_REPLACE_ME - EUR/USD XCCY Vol,FAKE_REPLACE_ME - 10Y,FAKE_REPLACE_ME - 6M,FAKE_REPLACE_ME - BOOK_D,G10,2809921,402628,,,,,,,,,,,,
ir/xccyvega,FAKE_REPLACE_ME - EUR/USD XCCY Vol,FAKE_REPLACE_ME - 10Y,FAKE_REPLACE_ME - 6M,FAKE_REPLACE_ME - BOOK_E,G10,-903995,336843,,,,,,,,,,,,
ir/xccyvega,FAKE_REPLACE_ME - EUR/USD XCCY Vol,FAKE_REPLACE_ME - 10Y,FAKE_REPLACE_ME - 6M,FAKE_REPLACE_ME - BOOK_UNMAPPED,G10,3059465,-418938,,,,,,,,,,,,
ir/xccyvega,FAKE_REPLACE_ME - EUR/USD XCCY Vol,FAKE_REPLACE_ME - 10Y,FAKE_REPLACE_ME - 1Y,FAKE_REPLACE_ME - BOOK_A,G10,-2642255,357125,,,,,,,,,,,,
ir/xccyvega,FAKE_REPLACE_ME - EUR/USD XCCY Vol,FAKE_REPLACE_ME - 10Y,FAKE_REPLACE_ME - 1Y,FAKE_REPLACE_ME - BOOK_B,G10,1892258,-114236,,,,,,,,,,,,
ir/xccyvega,FAKE_REPLACE_ME - EUR/USD XCCY Vol,FAKE_REPLACE_ME - 10Y,FAKE_REPLACE_ME - 1Y,FAKE_REPLACE_ME - BOOK_C,G10,1563153,-126336,,,,,,,,,,,,
ir/xccyvega,FAKE_REPLACE_ME - EUR/USD XCCY Vol,FAKE_REPLACE_ME - 10Y,FAKE_REPLACE_ME - 1Y,FAKE_REPLACE_ME - BOOK_D,G10,1289647,-338363,,,,,,,,,,,,
ir/xccyvega,FAKE_REPLACE_ME - EUR/USD XCCY Vol,FAKE_REPLACE_ME - 10Y,FAKE_REPLACE_ME - 1Y,FAKE_REPLACE_ME - BOOK_E,G10,-3313807,277329,,,,,,,,,,,,
ir/xccyvega,FAKE_REPLACE_ME - EUR/USD XCCY Vol,FAKE_REPLACE_ME - 10Y,FAKE_REPLACE_ME - 1Y,FAKE_REPLACE_ME - BOOK_UNMAPPED,G10,-2264615,-436513,,,,,,,,,,,,
ir/xccyvega,FAKE_REPLACE_ME - GBP/USD XCCY Vol,FAKE_REPLACE_ME - 1Y,FAKE_REPLACE_ME - 3M,FAKE_REPLACE_ME - BOOK_A,G10,-1682358,-45996,,,,,,,,,,,,
ir/xccyvega,FAKE_REPLACE_ME - GBP/USD XCCY Vol,FAKE_REPLACE_ME - 1Y,FAKE_REPLACE_ME - 3M,FAKE_REPLACE_ME - BOOK_B,G10,3353935,82918,,,,,,,,,,,,
ir/xccyvega,FAKE_REPLACE_ME - GBP/USD XCCY Vol,FAKE_REPLACE_ME - 1Y,FAKE_REPLACE_ME - 3M,FAKE_REPLACE_ME - BOOK_C,G10,2740313,-424990,,,,,,,,,,,,
ir/xccyvega,FAKE_REPLACE_ME - GBP/USD XCCY Vol,FAKE_REPLACE_ME - 1Y,FAKE_REPLACE_ME - 3M,FAKE_REPLACE_ME - BOOK_D,G10,360738,304899,,,,,,,,,,,,
ir/xccyvega,FAKE_REPLACE_ME - GBP/USD XCCY Vol,FAKE_REPLACE_ME - 1Y,FAKE_REPLACE_ME - 3M,FAKE_REPLACE_ME - BOOK_E,G10,4585240,432938,,,,,,,,,,,,
ir/xccyvega,FAKE_REPLACE_ME - GBP/USD XCCY Vol,FAKE_REPLACE_ME - 1Y,FAKE_REPLACE_ME - 3M,FAKE_REPLACE_ME - BOOK_UNMAPPED,G10,4959551,438118,,,,,,,,,,,,
ir/xccyvega,FAKE_REPLACE_ME - GBP/USD XCCY Vol,FAKE_REPLACE_ME - 1Y,FAKE_REPLACE_ME - 6M,FAKE_REPLACE_ME - BOOK_A,G10,3879761,-497747,,,,,,,,,,,,
ir/xccyvega,FAKE_REPLACE_ME - GBP/USD XCCY Vol,FAKE_REPLACE_ME - 1Y,FAKE_REPLACE_ME - 6M,FAKE_REPLACE_ME - BOOK_B,G10,4774300,-258957,,,,,,,,,,,,
ir/xccyvega,FAKE_REPLACE_ME - GBP/USD XCCY Vol,FAKE_REPLACE_ME - 1Y,FAKE_REPLACE_ME - 6M,FAKE_REPLACE_ME - BOOK_C,G10,467918,-95333,,,,,,,,,,,,
ir/xccyvega,FAKE_REPLACE_ME - GBP/USD XCCY Vol,FAKE_REPLACE_ME - 1Y,FAKE_REPLACE_ME - 6M,FAKE_REPLACE_ME - BOOK_D,G10,1811733,-87728,,,,,,,,,,,,
ir/xccyvega,FAKE_REPLACE_ME - GBP/USD XCCY Vol,FAKE_REPLACE_ME - 1Y,FAKE_REPLACE_ME - 6M,FAKE_REPLACE_ME - BOOK_E,G10,-4885261,101018,,,,,,,,,,,,
ir/xccyvega,FAKE_REPLACE_ME - GBP/USD XCCY Vol,FAKE_REPLACE_ME - 1Y,FAKE_REPLACE_ME - 6M,FAKE_REPLACE_ME - BOOK_UNMAPPED,G10,-4162639,-202079,,,,,,,,,,,,
ir/xccyvega,FAKE_REPLACE_ME - GBP/USD XCCY Vol,FAKE_REPLACE_ME - 1Y,FAKE_REPLACE_ME - 1Y,FAKE_REPLACE_ME - BOOK_A,G10,-347373,-470261,,,,,,,,,,,,
ir/xccyvega,FAKE_REPLACE_ME - GBP/USD XCCY Vol,FAKE_REPLACE_ME - 1Y,FAKE_REPLACE_ME - 1Y,FAKE_REPLACE_ME - BOOK_B,G10,4740648,-228235,,,,,,,,,,,,
ir/xccyvega,FAKE_REPLACE_ME - GBP/USD XCCY Vol,FAKE_REPLACE_ME - 1Y,FAKE_REPLACE_ME - 1Y,FAKE_REPLACE_ME - BOOK_C,G10,3942766,-363260,,,,,,,,,,,,
ir/xccyvega,FAKE_REPLACE_ME - GBP/USD XCCY Vol,FAKE_REPLACE_ME - 1Y,FAKE_REPLACE_ME - 1Y,FAKE_REPLACE_ME - BOOK_D,G10,3682300,-127311,,,,,,,,,,,,
ir/xccyvega,FAKE_REPLACE_ME - GBP/USD XCCY Vol,FAKE_REPLACE_ME - 1Y,FAKE_REPLACE_ME - 1Y,FAKE_REPLACE_ME - BOOK_E,G10,1973131,36492,,,,,,,,,,,,
ir/xccyvega,FAKE_REPLACE_ME - GBP/USD XCCY Vol,FAKE_REPLACE_ME - 1Y,FAKE_REPLACE_ME - 1Y,FAKE_REPLACE_ME - BOOK_UNMAPPED,G10,521246,97931,,,,,,,,,,,,
ir/xccyvega,FAKE_REPLACE_ME - GBP/USD XCCY Vol,FAKE_REPLACE_ME - 3Y,FAKE_REPLACE_ME - 3M,FAKE_REPLACE_ME - BOOK_A,G10,2748447,-111589,,,,,,,,,,,,
ir/xccyvega,FAKE_REPLACE_ME - GBP/USD XCCY Vol,FAKE_REPLACE_ME - 3Y,FAKE_REPLACE_ME - 3M,FAKE_REPLACE_ME - BOOK_B,G10,-3512915,51757,,,,,,,,,,,,
ir/xccyvega,FAKE_REPLACE_ME - GBP/USD XCCY Vol,FAKE_REPLACE_ME - 3Y,FAKE_REPLACE_ME - 3M,FAKE_REPLACE_ME - BOOK_C,G10,791555,-415825,,,,,,,,,,,,
ir/xccyvega,FAKE_REPLACE_ME - GBP/USD XCCY Vol,FAKE_REPLACE_ME - 3Y,FAKE_REPLACE_ME - 3M,FAKE_REPLACE_ME - BOOK_D,G10,4758717,463237,,,,,,,,,,,,
ir/xccyvega,FAKE_REPLACE_ME - GBP/USD XCCY Vol,FAKE_REPLACE_ME - 3Y,FAKE_REPLACE_ME - 3M,FAKE_REPLACE_ME - BOOK_E,G10,2907647,-457432,,,,,,,,,,,,
ir/xccyvega,FAKE_REPLACE_ME - GBP/USD XCCY Vol,FAKE_REPLACE_ME - 3Y,FAKE_REPLACE_ME - 3M,FAKE_REPLACE_ME - BOOK_UNMAPPED,G10,4445235,36128,,,,,,,,,,,,
ir/xccyvega,FAKE_REPLACE_ME - GBP/USD XCCY Vol,FAKE_REPLACE_ME - 3Y,FAKE_REPLACE_ME - 6M,FAKE_REPLACE_ME - BOOK_A,G10,2027002,-405607,,,,,,,,,,,,
ir/xccyvega,FAKE_REPLACE_ME - GBP/USD XCCY Vol,FAKE_REPLACE_ME - 3Y,FAKE_REPLACE_ME - 6M,FAKE_REPLACE_ME - BOOK_B,G10,942608,487220,,,,,,,,,,,,
ir/xccyvega,FAKE_REPLACE_ME - GBP/USD XCCY Vol,FAKE_REPLACE_ME - 3Y,FAKE_REPLACE_ME - 6M,FAKE_REPLACE_ME - BOOK_C,G10,-3145100,251056,,,,,,,,,,,,
ir/xccyvega,FAKE_REPLACE_ME - GBP/USD XCCY Vol,FAKE_REPLACE_ME - 3Y,FAKE_REPLACE_ME - 6M,FAKE_REPLACE_ME - BOOK_D,G10,-1878257,-29967,,,,,,,,,,,,
ir/xccyvega,FAKE_REPLACE_ME - GBP/USD XCCY Vol,FAKE_REPLACE_ME - 3Y,FAKE_REPLACE_ME - 6M,FAKE_REPLACE_ME - BOOK_E,G10,-1244835,-377048,,,,,,,,,,,,
ir/xccyvega,FAKE_REPLACE_ME - GBP/USD XCCY Vol,FAKE_REPLACE_ME - 3Y,FAKE_REPLACE_ME - 6M,FAKE_REPLACE_ME - BOOK_UNMAPPED,G10,2318836,-181367,,,,,,,,,,,,
ir/xccyvega,FAKE_REPLACE_ME - GBP/USD XCCY Vol,FAKE_REPLACE_ME - 3Y,FAKE_REPLACE_ME - 1Y,FAKE_REPLACE_ME - BOOK_A,G10,1047168,41703,,,,,,,,,,,,
ir/xccyvega,FAKE_REPLACE_ME - GBP/USD XCCY Vol,FAKE_REPLACE_ME - 3Y,FAKE_REPLACE_ME - 1Y,FAKE_REPLACE_ME - BOOK_B,G10,1898437,374546,,,,,,,,,,,,
ir/xccyvega,FAKE_REPLACE_ME - GBP/USD XCCY Vol,FAKE_REPLACE_ME - 3Y,FAKE_REPLACE_ME - 1Y,FAKE_REPLACE_ME - BOOK_C,G10,3453576,-72023,,,,,,,,,,,,
ir/xccyvega,FAKE_REPLACE_ME - GBP/USD XCCY Vol,FAKE_REPLACE_ME - 3Y,FAKE_REPLACE_ME - 1Y,FAKE_REPLACE_ME - BOOK_D,G10,-936706,338786,,,,,,,,,,,,
ir/xccyvega,FAKE_REPLACE_ME - GBP/USD XCCY Vol,FAKE_REPLACE_ME - 3Y,FAKE_REPLACE_ME - 1Y,FAKE_REPLACE_ME - BOOK_E,G10,4988063,502972,,,,,,,,,,,,
ir/xccyvega,FAKE_REPLACE_ME - GBP/USD XCCY Vol,FAKE_REPLACE_ME - 3Y,FAKE_REPLACE_ME - 1Y,FAKE_REPLACE_ME - BOOK_UNMAPPED,G10,4841260,-21733,,,,,,,,,,,,
ir/xccyvega,FAKE_REPLACE_ME - GBP/USD XCCY Vol,FAKE_REPLACE_ME - 5Y,FAKE_REPLACE_ME - 3M,FAKE_REPLACE_ME - BOOK_A,G10,3410484,-218853,,,,,,,,,,,,
ir/xccyvega,FAKE_REPLACE_ME - GBP/USD XCCY Vol,FAKE_REPLACE_ME - 5Y,FAKE_REPLACE_ME - 3M,FAKE_REPLACE_ME - BOOK_B,G10,-2679363,204579,,,,,,,,,,,,
ir/xccyvega,FAKE_REPLACE_ME - GBP/USD XCCY Vol,FAKE_REPLACE_ME - 5Y,FAKE_REPLACE_ME - 3M,FAKE_REPLACE_ME - BOOK_C,G10,-4469356,-522204,,,,,,,,,,,,
ir/xccyvega,FAKE_REPLACE_ME - GBP/USD XCCY Vol,FAKE_REPLACE_ME - 5Y,FAKE_REPLACE_ME - 3M,FAKE_REPLACE_ME - BOOK_D,G10,3221104,297597,,,,,,,,,,,,
ir/xccyvega,FAKE_REPLACE_ME - GBP/USD XCCY Vol,FAKE_REPLACE_ME - 5Y,FAKE_REPLACE_ME - 3M,FAKE_REPLACE_ME - BOOK_E,G10,-4684391,385849,,,,,,,,,,,,
ir/xccyvega,FAKE_REPLACE_ME - GBP/USD XCCY Vol,FAKE_REPLACE_ME - 5Y,FAKE_REPLACE_ME - 3M,FAKE_REPLACE_ME - BOOK_UNMAPPED,G10,-1325581,-510043,,,,,,,,,,,,
ir/xccyvega,FAKE_REPLACE_ME - GBP/USD XCCY Vol,FAKE_REPLACE_ME - 5Y,FAKE_REPLACE_ME - 6M,FAKE_REPLACE_ME - BOOK_A,G10,-2825252,-519839,,,,,,,,,,,,
ir/xccyvega,FAKE_REPLACE_ME - GBP/USD XCCY Vol,FAKE_REPLACE_ME - 5Y,FAKE_REPLACE_ME - 6M,FAKE_REPLACE_ME - BOOK_B,G10,2797360,-433583,,,,,,,,,,,,
ir/xccyvega,FAKE_REPLACE_ME - GBP/USD XCCY Vol,FAKE_REPLACE_ME - 5Y,FAKE_REPLACE_ME - 6M,FAKE_REPLACE_ME - BOOK_C,G10,1943297,-433884,,,,,,,,,,,,
ir/xccyvega,FAKE_REPLACE_ME - GBP/USD XCCY Vol,FAKE_REPLACE_ME - 5Y,FAKE_REPLACE_ME - 6M,FAKE_REPLACE_ME - BOOK_D,G10,-1647960,130200,,,,,,,,,,,,
ir/xccyvega,FAKE_REPLACE_ME - GBP/USD XCCY Vol,FAKE_REPLACE_ME - 5Y,FAKE_REPLACE_ME - 6M,FAKE_REPLACE_ME - BOOK_E,G10,3894547,-123965,,,,,,,,,,,,
ir/xccyvega,FAKE_REPLACE_ME - GBP/USD XCCY Vol,FAKE_REPLACE_ME - 5Y,FAKE_REPLACE_ME - 6M,FAKE_REPLACE_ME - BOOK_UNMAPPED,G10,4238157,-220507,,,,,,,,,,,,
ir/xccyvega,FAKE_REPLACE_ME - GBP/USD XCCY Vol,FAKE_REPLACE_ME - 5Y,FAKE_REPLACE_ME - 1Y,FAKE_REPLACE_ME - BOOK_A,G10,4856857,538399,,,,,,,,,,,,
ir/xccyvega,FAKE_REPLACE_ME - GBP/USD XCCY Vol,FAKE_REPLACE_ME - 5Y,FAKE_REPLACE_ME - 1Y,FAKE_REPLACE_ME - BOOK_B,G10,-4182439,345521,,,,,,,,,,,,
ir/xccyvega,FAKE_REPLACE_ME - GBP/USD XCCY Vol,FAKE_REPLACE_ME - 5Y,FAKE_REPLACE_ME - 1Y,FAKE_REPLACE_ME - BOOK_C,G10,1346959,269006,,,,,,,,,,,,
ir/xccyvega,FAKE_REPLACE_ME - GBP/USD XCCY Vol,FAKE_REPLACE_ME - 5Y,FAKE_REPLACE_ME - 1Y,FAKE_REPLACE_ME - BOOK_D,G10,-2265662,-83689,,,,,,,,,,,,
ir/xccyvega,FAKE_REPLACE_ME - GBP/USD XCCY Vol,FAKE_REPLACE_ME - 5Y,FAKE_REPLACE_ME - 1Y,FAKE_REPLACE_ME - BOOK_E,G10,-1456124,235716,,,,,,,,,,,,
ir/xccyvega,FAKE_REPLACE_ME - GBP/USD XCCY Vol,FAKE_REPLACE_ME - 5Y,FAKE_REPLACE_ME - 1Y,FAKE_REPLACE_ME - BOOK_UNMAPPED,G10,1753518,95684,,,,,,,,,,,,
ir/xccyvega,FAKE_REPLACE_ME - GBP/USD XCCY Vol,FAKE_REPLACE_ME - 10Y,FAKE_REPLACE_ME - 3M,FAKE_REPLACE_ME - BOOK_A,G10,2577616,-474236,,,,,,,,,,,,
ir/xccyvega,FAKE_REPLACE_ME - GBP/USD XCCY Vol,FAKE_REPLACE_ME - 10Y,FAKE_REPLACE_ME - 3M,FAKE_REPLACE_ME - BOOK_B,G10,2897174,23696,,,,,,,,,,,,
ir/xccyvega,FAKE_REPLACE_ME - GBP/USD XCCY Vol,FAKE_REPLACE_ME - 10Y,FAKE_REPLACE_ME - 3M,FAKE_REPLACE_ME - BOOK_C,G10,971470,-36985,,,,,,,,,,,,
ir/xccyvega,FAKE_REPLACE_ME - GBP/USD XCCY Vol,FAKE_REPLACE_ME - 10Y,FAKE_REPLACE_ME - 3M,FAKE_REPLACE_ME - BOOK_D,G10,4251663,208863,,,,,,,,,,,,
ir/xccyvega,FAKE_REPLACE_ME - GBP/USD XCCY Vol,FAKE_REPLACE_ME - 10Y,FAKE_REPLACE_ME - 3M,FAKE_REPLACE_ME - BOOK_E,G10,2587727,64610,,,,,,,,,,,,
ir/xccyvega,FAKE_REPLACE_ME - GBP/USD XCCY Vol,FAKE_REPLACE_ME - 10Y,FAKE_REPLACE_ME - 3M,FAKE_REPLACE_ME - BOOK_UNMAPPED,G10,3752948,-498548,,,,,,,,,,,,
ir/xccyvega,FAKE_REPLACE_ME - GBP/USD XCCY Vol,FAKE_REPLACE_ME - 10Y,FAKE_REPLACE_ME - 6M,FAKE_REPLACE_ME - BOOK_A,G10,3913312,81822,,,,,,,,,,,,
ir/xccyvega,FAKE_REPLACE_ME - GBP/USD XCCY Vol,FAKE_REPLACE_ME - 10Y,FAKE_REPLACE_ME - 6M,FAKE_REPLACE_ME - BOOK_B,G10,-3683232,-542592,,,,,,,,,,,,
ir/xccyvega,FAKE_REPLACE_ME - GBP/USD XCCY Vol,FAKE_REPLACE_ME - 10Y,FAKE_REPLACE_ME - 6M,FAKE_REPLACE_ME - BOOK_C,G10,2465575,-249529,,,,,,,,,,,,
ir/xccyvega,FAKE_REPLACE_ME - GBP/USD XCCY Vol,FAKE_REPLACE_ME - 10Y,FAKE_REPLACE_ME - 6M,FAKE_REPLACE_ME - BOOK_D,G10,1581056,386931,,,,,,,,,,,,
ir/xccyvega,FAKE_REPLACE_ME - GBP/USD XCCY Vol,FAKE_REPLACE_ME - 10Y,FAKE_REPLACE_ME - 6M,FAKE_REPLACE_ME - BOOK_E,G10,-4660070,111896,,,,,,,,,,,,
ir/xccyvega,FAKE_REPLACE_ME - GBP/USD XCCY Vol,FAKE_REPLACE_ME - 10Y,FAKE_REPLACE_ME - 6M,FAKE_REPLACE_ME - BOOK_UNMAPPED,G10,2438888,94809,,,,,,,,,,,,
ir/xccyvega,FAKE_REPLACE_ME - GBP/USD XCCY Vol,FAKE_REPLACE_ME - 10Y,FAKE_REPLACE_ME - 1Y,FAKE_REPLACE_ME - BOOK_A,G10,4949423,190779,,,,,,,,,,,,
ir/xccyvega,FAKE_REPLACE_ME - GBP/USD XCCY Vol,FAKE_REPLACE_ME - 10Y,FAKE_REPLACE_ME - 1Y,FAKE_REPLACE_ME - BOOK_B,G10,-1367663,227822,,,,,,,,,,,,
ir/xccyvega,FAKE_REPLACE_ME - GBP/USD XCCY Vol,FAKE_REPLACE_ME - 10Y,FAKE_REPLACE_ME - 1Y,FAKE_REPLACE_ME - BOOK_C,G10,3229168,45804,,,,,,,,,,,,
ir/xccyvega,FAKE_REPLACE_ME - GBP/USD XCCY Vol,FAKE_REPLACE_ME - 10Y,FAKE_REPLACE_ME - 1Y,FAKE_REPLACE_ME - BOOK_D,G10,-2317499,-239388,,,,,,,,,,,,
ir/xccyvega,FAKE_REPLACE_ME - GBP/USD XCCY Vol,FAKE_REPLACE_ME - 10Y,FAKE_REPLACE_ME - 1Y,FAKE_REPLACE_ME - BOOK_E,G10,3832642,-438039,,,,,,,,,,,,
ir/xccyvega,FAKE_REPLACE_ME - GBP/USD XCCY Vol,FAKE_REPLACE_ME - 10Y,FAKE_REPLACE_ME - 1Y,FAKE_REPLACE_ME - BOOK_UNMAPPED,G10,1981819,-74704,,,,,,,,,,,,
ir/xccyvega,FAKE_REPLACE_ME - USD/JPY XCCY Vol,FAKE_REPLACE_ME - 1Y,FAKE_REPLACE_ME - 3M,FAKE_REPLACE_ME - BOOK_A,G10,-514369,173596,,,,,,,,,,,,
ir/xccyvega,FAKE_REPLACE_ME - USD/JPY XCCY Vol,FAKE_REPLACE_ME - 1Y,FAKE_REPLACE_ME - 3M,FAKE_REPLACE_ME - BOOK_B,G10,-2164122,-490070,,,,,,,,,,,,
ir/xccyvega,FAKE_REPLACE_ME - USD/JPY XCCY Vol,FAKE_REPLACE_ME - 1Y,FAKE_REPLACE_ME - 3M,FAKE_REPLACE_ME - BOOK_C,G10,4504640,83972,,,,,,,,,,,,
ir/xccyvega,FAKE_REPLACE_ME - USD/JPY XCCY Vol,FAKE_REPLACE_ME - 1Y,FAKE_REPLACE_ME - 3M,FAKE_REPLACE_ME - BOOK_D,G10,744777,395930,,,,,,,,,,,,
ir/xccyvega,FAKE_REPLACE_ME - USD/JPY XCCY Vol,FAKE_REPLACE_ME - 1Y,FAKE_REPLACE_ME - 3M,FAKE_REPLACE_ME - BOOK_E,G10,-2321368,-499774,,,,,,,,,,,,
ir/xccyvega,FAKE_REPLACE_ME - USD/JPY XCCY Vol,FAKE_REPLACE_ME - 1Y,FAKE_REPLACE_ME - 3M,FAKE_REPLACE_ME - BOOK_UNMAPPED,G10,3654153,-470015,,,,,,,,,,,,
ir/xccyvega,FAKE_REPLACE_ME - USD/JPY XCCY Vol,FAKE_REPLACE_ME - 1Y,FAKE_REPLACE_ME - 6M,FAKE_REPLACE_ME - BOOK_A,G10,4540186,-299348,,,,,,,,,,,,
ir/xccyvega,FAKE_REPLACE_ME - USD/JPY XCCY Vol,FAKE_REPLACE_ME - 1Y,FAKE_REPLACE_ME - 6M,FAKE_REPLACE_ME - BOOK_B,G10,1080859,231074,,,,,,,,,,,,
ir/xccyvega,FAKE_REPLACE_ME - USD/JPY XCCY Vol,FAKE_REPLACE_ME - 1Y,FAKE_REPLACE_ME - 6M,FAKE_REPLACE_ME - BOOK_C,G10,-3098058,301183,,,,,,,,,,,,
ir/xccyvega,FAKE_REPLACE_ME - USD/JPY XCCY Vol,FAKE_REPLACE_ME - 1Y,FAKE_REPLACE_ME - 6M,FAKE_REPLACE_ME - BOOK_D,G10,-1627252,-113137,,,,,,,,,,,,
ir/xccyvega,FAKE_REPLACE_ME - USD/JPY XCCY Vol,FAKE_REPLACE_ME - 1Y,FAKE_REPLACE_ME - 6M,FAKE_REPLACE_ME - BOOK_E,G10,-2957514,-389771,,,,,,,,,,,,
ir/xccyvega,FAKE_REPLACE_ME - USD/JPY XCCY Vol,FAKE_REPLACE_ME - 1Y,FAKE_REPLACE_ME - 6M,FAKE_REPLACE_ME - BOOK_UNMAPPED,G10,2571898,-410144,,,,,,,,,,,,
ir/xccyvega,FAKE_REPLACE_ME - USD/JPY XCCY Vol,FAKE_REPLACE_ME - 1Y,FAKE_REPLACE_ME - 1Y,FAKE_REPLACE_ME - BOOK_A,G10,3237082,-322874,,,,,,,,,,,,
ir/xccyvega,FAKE_REPLACE_ME - USD/JPY XCCY Vol,FAKE_REPLACE_ME - 1Y,FAKE_REPLACE_ME - 1Y,FAKE_REPLACE_ME - BOOK_B,G10,1333207,493876,,,,,,,,,,,,
ir/xccyvega,FAKE_REPLACE_ME - USD/JPY XCCY Vol,FAKE_REPLACE_ME - 1Y,FAKE_REPLACE_ME - 1Y,FAKE_REPLACE_ME - BOOK_C,G10,1559111,-465184,,,,,,,,,,,,
ir/xccyvega,FAKE_REPLACE_ME - USD/JPY XCCY Vol,FAKE_REPLACE_ME - 1Y,FAKE_REPLACE_ME - 1Y,FAKE_REPLACE_ME - BOOK_D,G10,3277344,-226409,,,,,,,,,,,,
ir/xccyvega,FAKE_REPLACE_ME - USD/JPY XCCY Vol,FAKE_REPLACE_ME - 1Y,FAKE_REPLACE_ME - 1Y,FAKE_REPLACE_ME - BOOK_E,G10,-2094557,-281724,,,,,,,,,,,,
ir/xccyvega,FAKE_REPLACE_ME - USD/JPY XCCY Vol,FAKE_REPLACE_ME - 1Y,FAKE_REPLACE_ME - 1Y,FAKE_REPLACE_ME - BOOK_UNMAPPED,G10,2401617,234988,,,,,,,,,,,,
ir/xccyvega,FAKE_REPLACE_ME - USD/JPY XCCY Vol,FAKE_REPLACE_ME - 3Y,FAKE_REPLACE_ME - 3M,FAKE_REPLACE_ME - BOOK_A,G10,-3714692,-404117,,,,,,,,,,,,
ir/xccyvega,FAKE_REPLACE_ME - USD/JPY XCCY Vol,FAKE_REPLACE_ME - 3Y,FAKE_REPLACE_ME - 3M,FAKE_REPLACE_ME - BOOK_B,G10,-2035788,-368475,,,,,,,,,,,,
ir/xccyvega,FAKE_REPLACE_ME - USD/JPY XCCY Vol,FAKE_REPLACE_ME - 3Y,FAKE_REPLACE_ME - 3M,FAKE_REPLACE_ME - BOOK_C,G10,-2048042,-21382,,,,,,,,,,,,
ir/xccyvega,FAKE_REPLACE_ME - USD/JPY XCCY Vol,FAKE_REPLACE_ME - 3Y,FAKE_REPLACE_ME - 3M,FAKE_REPLACE_ME - BOOK_D,G10,-1546751,549565,,,,,,,,,,,,
ir/xccyvega,FAKE_REPLACE_ME - USD/JPY XCCY Vol,FAKE_REPLACE_ME - 3Y,FAKE_REPLACE_ME - 3M,FAKE_REPLACE_ME - BOOK_E,G10,-1852342,169553,,,,,,,,,,,,
ir/xccyvega,FAKE_REPLACE_ME - USD/JPY XCCY Vol,FAKE_REPLACE_ME - 3Y,FAKE_REPLACE_ME - 3M,FAKE_REPLACE_ME - BOOK_UNMAPPED,G10,-1804702,131246,,,,,,,,,,,,
ir/xccyvega,FAKE_REPLACE_ME - USD/JPY XCCY Vol,FAKE_REPLACE_ME - 3Y,FAKE_REPLACE_ME - 6M,FAKE_REPLACE_ME - BOOK_A,G10,-4805087,164818,,,,,,,,,,,,
ir/xccyvega,FAKE_REPLACE_ME - USD/JPY XCCY Vol,FAKE_REPLACE_ME - 3Y,FAKE_REPLACE_ME - 6M,FAKE_REPLACE_ME - BOOK_B,G10,3870510,360760,,,,,,,,,,,,
ir/xccyvega,FAKE_REPLACE_ME - USD/JPY XCCY Vol,FAKE_REPLACE_ME - 3Y,FAKE_REPLACE_ME - 6M,FAKE_REPLACE_ME - BOOK_C,G10,2653037,302347,,,,,,,,,,,,
ir/xccyvega,FAKE_REPLACE_ME - USD/JPY XCCY Vol,FAKE_REPLACE_ME - 3Y,FAKE_REPLACE_ME - 6M,FAKE_REPLACE_ME - BOOK_D,G10,3320772,518512,,,,,,,,,,,,
ir/xccyvega,FAKE_REPLACE_ME - USD/JPY XCCY Vol,FAKE_REPLACE_ME - 3Y,FAKE_REPLACE_ME - 6M,FAKE_REPLACE_ME - BOOK_E,G10,2616313,305268,,,,,,,,,,,,
ir/xccyvega,FAKE_REPLACE_ME - USD/JPY XCCY Vol,FAKE_REPLACE_ME - 3Y,FAKE_REPLACE_ME - 6M,FAKE_REPLACE_ME - BOOK_UNMAPPED,G10,4612380,321773,,,,,,,,,,,,
ir/xccyvega,FAKE_REPLACE_ME - USD/JPY XCCY Vol,FAKE_REPLACE_ME - 3Y,FAKE_REPLACE_ME - 1Y,FAKE_REPLACE_ME - BOOK_A,G10,3986206,-513632,,,,,,,,,,,,
ir/xccyvega,FAKE_REPLACE_ME - USD/JPY XCCY Vol,FAKE_REPLACE_ME - 3Y,FAKE_REPLACE_ME - 1Y,FAKE_REPLACE_ME - BOOK_B,G10,2338040,-229943,,,,,,,,,,,,
ir/xccyvega,FAKE_REPLACE_ME - USD/JPY XCCY Vol,FAKE_REPLACE_ME - 3Y,FAKE_REPLACE_ME - 1Y,FAKE_REPLACE_ME - BOOK_C,G10,1957596,53114,,,,,,,,,,,,
ir/xccyvega,FAKE_REPLACE_ME - USD/JPY XCCY Vol,FAKE_REPLACE_ME - 3Y,FAKE_REPLACE_ME - 1Y,FAKE_REPLACE_ME - BOOK_D,G10,3695483,-97775,,,,,,,,,,,,
ir/xccyvega,FAKE_REPLACE_ME - USD/JPY XCCY Vol,FAKE_REPLACE_ME - 3Y,FAKE_REPLACE_ME - 1Y,FAKE_REPLACE_ME - BOOK_E,G10,830058,-37031,,,,,,,,,,,,
ir/xccyvega,FAKE_REPLACE_ME - USD/JPY XCCY Vol,FAKE_REPLACE_ME - 3Y,FAKE_REPLACE_ME - 1Y,FAKE_REPLACE_ME - BOOK_UNMAPPED,G10,-3442759,-19006,,,,,,,,,,,,
ir/xccyvega,FAKE_REPLACE_ME - USD/JPY XCCY Vol,FAKE_REPLACE_ME - 5Y,FAKE_REPLACE_ME - 3M,FAKE_REPLACE_ME - BOOK_A,G10,2844136,-528273,,,,,,,,,,,,
ir/xccyvega,FAKE_REPLACE_ME - USD/JPY XCCY Vol,FAKE_REPLACE_ME - 5Y,FAKE_REPLACE_ME - 3M,FAKE_REPLACE_ME - BOOK_B,G10,1889439,-132719,,,,,,,,,,,,
ir/xccyvega,FAKE_REPLACE_ME - USD/JPY XCCY Vol,FAKE_REPLACE_ME - 5Y,FAKE_REPLACE_ME - 3M,FAKE_REPLACE_ME - BOOK_C,G10,3015268,511034,,,,,,,,,,,,
ir/xccyvega,FAKE_REPLACE_ME - USD/JPY XCCY Vol,FAKE_REPLACE_ME - 5Y,FAKE_REPLACE_ME - 3M,FAKE_REPLACE_ME - BOOK_D,G10,-4766233,-27760,,,,,,,,,,,,
ir/xccyvega,FAKE_REPLACE_ME - USD/JPY XCCY Vol,FAKE_REPLACE_ME - 5Y,FAKE_REPLACE_ME - 3M,FAKE_REPLACE_ME - BOOK_E,G10,3027287,39503,,,,,,,,,,,,
ir/xccyvega,FAKE_REPLACE_ME - USD/JPY XCCY Vol,FAKE_REPLACE_ME - 5Y,FAKE_REPLACE_ME - 3M,FAKE_REPLACE_ME - BOOK_UNMAPPED,G10,3449743,295394,,,,,,,,,,,,
ir/xccyvega,FAKE_REPLACE_ME - USD/JPY XCCY Vol,FAKE_REPLACE_ME - 5Y,FAKE_REPLACE_ME - 6M,FAKE_REPLACE_ME - BOOK_A,G10,3777849,-514002,,,,,,,,,,,,
ir/xccyvega,FAKE_REPLACE_ME - USD/JPY XCCY Vol,FAKE_REPLACE_ME - 5Y,FAKE_REPLACE_ME - 6M,FAKE_REPLACE_ME - BOOK_B,G10,1837713,-284315,,,,,,,,,,,,
ir/xccyvega,FAKE_REPLACE_ME - USD/JPY XCCY Vol,FAKE_REPLACE_ME - 5Y,FAKE_REPLACE_ME - 6M,FAKE_REPLACE_ME - BOOK_C,G10,3297722,-62603,,,,,,,,,,,,
ir/xccyvega,FAKE_REPLACE_ME - USD/JPY XCCY Vol,FAKE_REPLACE_ME - 5Y,FAKE_REPLACE_ME - 6M,FAKE_REPLACE_ME - BOOK_D,G10,-3462627,-244637,,,,,,,,,,,,
ir/xccyvega,FAKE_REPLACE_ME - USD/JPY XCCY Vol,FAKE_REPLACE_ME - 5Y,FAKE_REPLACE_ME - 6M,FAKE_REPLACE_ME - BOOK_E,G10,-4734153,18344,,,,,,,,,,,,
ir/xccyvega,FAKE_REPLACE_ME - USD/JPY XCCY Vol,FAKE_REPLACE_ME - 5Y,FAKE_REPLACE_ME - 6M,FAKE_REPLACE_ME - BOOK_UNMAPPED,G10,3556586,457864,,,,,,,,,,,,
ir/xccyvega,FAKE_REPLACE_ME - USD/JPY XCCY Vol,FAKE_REPLACE_ME - 5Y,FAKE_REPLACE_ME - 1Y,FAKE_REPLACE_ME - BOOK_A,G10,4520304,-235867,,,,,,,,,,,,
ir/xccyvega,FAKE_REPLACE_ME - USD/JPY XCCY Vol,FAKE_REPLACE_ME - 5Y,FAKE_REPLACE_ME - 1Y,FAKE_REPLACE_ME - BOOK_B,G10,-3154637,-427729,,,,,,,,,,,,
ir/xccyvega,FAKE_REPLACE_ME - USD/JPY XCCY Vol,FAKE_REPLACE_ME - 5Y,FAKE_REPLACE_ME - 1Y,FAKE_REPLACE_ME - BOOK_C,G10,570799,167479,,,,,,,,,,,,
ir/xccyvega,FAKE_REPLACE_ME - USD/JPY XCCY Vol,FAKE_REPLACE_ME - 5Y,FAKE_REPLACE_ME - 1Y,FAKE_REPLACE_ME - BOOK_D,G10,4545260,-69138,,,,,,,,,,,,
ir/xccyvega,FAKE_REPLACE_ME - USD/JPY XCCY Vol,FAKE_REPLACE_ME - 5Y,FAKE_REPLACE_ME - 1Y,FAKE_REPLACE_ME - BOOK_E,G10,4853510,-546491,,,,,,,,,,,,
ir/xccyvega,FAKE_REPLACE_ME - USD/JPY XCCY Vol,FAKE_REPLACE_ME - 5Y,FAKE_REPLACE_ME - 1Y,FAKE_REPLACE_ME - BOOK_UNMAPPED,G10,-4487584,106696,,,,,,,,,,,,
ir/xccyvega,FAKE_REPLACE_ME - USD/JPY XCCY Vol,FAKE_REPLACE_ME - 10Y,FAKE_REPLACE_ME - 3M,FAKE_REPLACE_ME - BOOK_A,G10,-569275,213655,,,,,,,,,,,,
ir/xccyvega,FAKE_REPLACE_ME - USD/JPY XCCY Vol,FAKE_REPLACE_ME - 10Y,FAKE_REPLACE_ME - 3M,FAKE_REPLACE_ME - BOOK_B,G10,2962573,-355368,,,,,,,,,,,,
ir/xccyvega,FAKE_REPLACE_ME - USD/JPY XCCY Vol,FAKE_REPLACE_ME - 10Y,FAKE_REPLACE_ME - 3M,FAKE_REPLACE_ME - BOOK_C,G10,-1983583,-108294,,,,,,,,,,,,
ir/xccyvega,FAKE_REPLACE_ME - USD/JPY XCCY Vol,FAKE_REPLACE_ME - 10Y,FAKE_REPLACE_ME - 3M,FAKE_REPLACE_ME - BOOK_D,G10,265020,379471,,,,,,,,,,,,
ir/xccyvega,FAKE_REPLACE_ME - USD/JPY XCCY Vol,FAKE_REPLACE_ME - 10Y,FAKE_REPLACE_ME - 3M,FAKE_REPLACE_ME - BOOK_E,G10,-3017905,-362778,,,,,,,,,,,,
ir/xccyvega,FAKE_REPLACE_ME - USD/JPY XCCY Vol,FAKE_REPLACE_ME - 10Y,FAKE_REPLACE_ME - 3M,FAKE_REPLACE_ME - BOOK_UNMAPPED,G10,1282189,-194817,,,,,,,,,,,,
ir/xccyvega,FAKE_REPLACE_ME - USD/JPY XCCY Vol,FAKE_REPLACE_ME - 10Y,FAKE_REPLACE_ME - 6M,FAKE_REPLACE_ME - BOOK_A,G10,1395837,-117620,,,,,,,,,,,,
ir/xccyvega,FAKE_REPLACE_ME - USD/JPY XCCY Vol,FAKE_REPLACE_ME - 10Y,FAKE_REPLACE_ME - 6M,FAKE_REPLACE_ME - BOOK_B,G10,-457647,541017,,,,,,,,,,,,
ir/xccyvega,FAKE_REPLACE_ME - USD/JPY XCCY Vol,FAKE_REPLACE_ME - 10Y,FAKE_REPLACE_ME - 6M,FAKE_REPLACE_ME - BOOK_C,G10,-4920272,530488,,,,,,,,,,,,
ir/xccyvega,FAKE_REPLACE_ME - USD/JPY XCCY Vol,FAKE_REPLACE_ME - 10Y,FAKE_REPLACE_ME - 6M,FAKE_REPLACE_ME - BOOK_D,G10,-1763958,153145,,,,,,,,,,,,
ir/xccyvega,FAKE_REPLACE_ME - USD/JPY XCCY Vol,FAKE_REPLACE_ME - 10Y,FAKE_REPLACE_ME - 6M,FAKE_REPLACE_ME - BOOK_E,G10,4999336,415806,,,,,,,,,,,,
ir/xccyvega,FAKE_REPLACE_ME - USD/JPY XCCY Vol,FAKE_REPLACE_ME - 10Y,FAKE_REPLACE_ME - 6M,FAKE_REPLACE_ME - BOOK_UNMAPPED,G10,3118352,-29582,,,,,,,,,,,,
ir/xccyvega,FAKE_REPLACE_ME - USD/JPY XCCY Vol,FAKE_REPLACE_ME - 10Y,FAKE_REPLACE_ME - 1Y,FAKE_REPLACE_ME - BOOK_A,G10,4422428,-400487,,,,,,,,,,,,
ir/xccyvega,FAKE_REPLACE_ME - USD/JPY XCCY Vol,FAKE_REPLACE_ME - 10Y,FAKE_REPLACE_ME - 1Y,FAKE_REPLACE_ME - BOOK_B,G10,1765705,-35888,,,,,,,,,,,,
ir/xccyvega,FAKE_REPLACE_ME - USD/JPY XCCY Vol,FAKE_REPLACE_ME - 10Y,FAKE_REPLACE_ME - 1Y,FAKE_REPLACE_ME - BOOK_C,G10,4663870,-197560,,,,,,,,,,,,
ir/xccyvega,FAKE_REPLACE_ME - USD/JPY XCCY Vol,FAKE_REPLACE_ME - 10Y,FAKE_REPLACE_ME - 1Y,FAKE_REPLACE_ME - BOOK_D,G10,4977799,-12319,,,,,,,,,,,,
ir/xccyvega,FAKE_REPLACE_ME - USD/JPY XCCY Vol,FAKE_REPLACE_ME - 10Y,FAKE_REPLACE_ME - 1Y,FAKE_REPLACE_ME - BOOK_E,G10,-3144580,-298143,,,,,,,,,,,,
ir/xccyvega,FAKE_REPLACE_ME - USD/JPY XCCY Vol,FAKE_REPLACE_ME - 10Y,FAKE_REPLACE_ME - 1Y,FAKE_REPLACE_ME - BOOK_UNMAPPED,G10,1964132,91706,,,,,,,,,,,,
ir/inflation,FAKE_REPLACE_ME - US CPI,FAKE_REPLACE_ME - 2Y,,FAKE_REPLACE_ME - BOOK_A,G10,1732677,109449,,,,,,,,,,,,
ir/inflation,FAKE_REPLACE_ME - US CPI,FAKE_REPLACE_ME - 2Y,,FAKE_REPLACE_ME - BOOK_B,G10,742972,542060,,,,,,,,,,,,
ir/inflation,FAKE_REPLACE_ME - US CPI,FAKE_REPLACE_ME - 2Y,,FAKE_REPLACE_ME - BOOK_C,G10,-770663,234697,,,,,,,,,,,,
ir/inflation,FAKE_REPLACE_ME - US CPI,FAKE_REPLACE_ME - 2Y,,FAKE_REPLACE_ME - BOOK_D,G10,-2154047,276525,,,,,,,,,,,,
ir/inflation,FAKE_REPLACE_ME - US CPI,FAKE_REPLACE_ME - 2Y,,FAKE_REPLACE_ME - BOOK_E,G10,3530892,132783,,,,,,,,,,,,
ir/inflation,FAKE_REPLACE_ME - US CPI,FAKE_REPLACE_ME - 2Y,,FAKE_REPLACE_ME - BOOK_UNMAPPED,G10,3301567,-299602,,,,,,,,,,,,
ir/inflation,FAKE_REPLACE_ME - US CPI,FAKE_REPLACE_ME - 5Y,,FAKE_REPLACE_ME - BOOK_A,G10,-3638475,-537434,,,,,,,,,,,,
ir/inflation,FAKE_REPLACE_ME - US CPI,FAKE_REPLACE_ME - 5Y,,FAKE_REPLACE_ME - BOOK_B,G10,-3014526,398718,,,,,,,,,,,,
ir/inflation,FAKE_REPLACE_ME - US CPI,FAKE_REPLACE_ME - 5Y,,FAKE_REPLACE_ME - BOOK_C,G10,4565514,205512,,,,,,,,,,,,
ir/inflation,FAKE_REPLACE_ME - US CPI,FAKE_REPLACE_ME - 5Y,,FAKE_REPLACE_ME - BOOK_D,G10,3681790,250100,,,,,,,,,,,,
ir/inflation,FAKE_REPLACE_ME - US CPI,FAKE_REPLACE_ME - 5Y,,FAKE_REPLACE_ME - BOOK_E,G10,4080354,334828,,,,,,,,,,,,
ir/inflation,FAKE_REPLACE_ME - US CPI,FAKE_REPLACE_ME - 5Y,,FAKE_REPLACE_ME - BOOK_UNMAPPED,G10,2046049,-94025,,,,,,,,,,,,
ir/inflation,FAKE_REPLACE_ME - US CPI,FAKE_REPLACE_ME - 10Y,,FAKE_REPLACE_ME - BOOK_A,G10,-3863076,412676,,,,,,,,,,,,
ir/inflation,FAKE_REPLACE_ME - US CPI,FAKE_REPLACE_ME - 10Y,,FAKE_REPLACE_ME - BOOK_B,G10,-4216310,252675,,,,,,,,,,,,
ir/inflation,FAKE_REPLACE_ME - US CPI,FAKE_REPLACE_ME - 10Y,,FAKE_REPLACE_ME - BOOK_C,G10,2577118,-159312,,,,,,,,,,,,
ir/inflation,FAKE_REPLACE_ME - US CPI,FAKE_REPLACE_ME - 10Y,,FAKE_REPLACE_ME - BOOK_D,G10,3854248,467342,,,,,,,,,,,,
ir/inflation,FAKE_REPLACE_ME - US CPI,FAKE_REPLACE_ME - 10Y,,FAKE_REPLACE_ME - BOOK_E,G10,572193,128496,,,,,,,,,,,,
ir/inflation,FAKE_REPLACE_ME - US CPI,FAKE_REPLACE_ME - 10Y,,FAKE_REPLACE_ME - BOOK_UNMAPPED,G10,4465283,-342639,,,,,,,,,,,,
ir/inflation,FAKE_REPLACE_ME - US CPI,FAKE_REPLACE_ME - 20Y,,FAKE_REPLACE_ME - BOOK_A,G10,-3324129,-278942,,,,,,,,,,,,
ir/inflation,FAKE_REPLACE_ME - US CPI,FAKE_REPLACE_ME - 20Y,,FAKE_REPLACE_ME - BOOK_B,G10,-1076996,481197,,,,,,,,,,,,
ir/inflation,FAKE_REPLACE_ME - US CPI,FAKE_REPLACE_ME - 20Y,,FAKE_REPLACE_ME - BOOK_C,G10,4531811,444187,,,,,,,,,,,,
ir/inflation,FAKE_REPLACE_ME - US CPI,FAKE_REPLACE_ME - 20Y,,FAKE_REPLACE_ME - BOOK_D,G10,-4951151,-286550,,,,,,,,,,,,
ir/inflation,FAKE_REPLACE_ME - US CPI,FAKE_REPLACE_ME - 20Y,,FAKE_REPLACE_ME - BOOK_E,G10,3741237,377722,,,,,,,,,,,,
ir/inflation,FAKE_REPLACE_ME - US CPI,FAKE_REPLACE_ME - 20Y,,FAKE_REPLACE_ME - BOOK_UNMAPPED,G10,-3268444,136025,,,,,,,,,,,,
ir/inflation,FAKE_REPLACE_ME - EU HICP,FAKE_REPLACE_ME - 2Y,,FAKE_REPLACE_ME - BOOK_A,G10,1387541,-98767,,,,,,,,,,,,
ir/inflation,FAKE_REPLACE_ME - EU HICP,FAKE_REPLACE_ME - 2Y,,FAKE_REPLACE_ME - BOOK_B,G10,-1203223,-139906,,,,,,,,,,,,
ir/inflation,FAKE_REPLACE_ME - EU HICP,FAKE_REPLACE_ME - 2Y,,FAKE_REPLACE_ME - BOOK_C,G10,3551834,-75344,,,,,,,,,,,,
ir/inflation,FAKE_REPLACE_ME - EU HICP,FAKE_REPLACE_ME - 2Y,,FAKE_REPLACE_ME - BOOK_D,G10,486143,-154524,,,,,,,,,,,,
ir/inflation,FAKE_REPLACE_ME - EU HICP,FAKE_REPLACE_ME - 2Y,,FAKE_REPLACE_ME - BOOK_E,G10,1683709,411647,,,,,,,,,,,,
ir/inflation,FAKE_REPLACE_ME - EU HICP,FAKE_REPLACE_ME - 2Y,,FAKE_REPLACE_ME - BOOK_UNMAPPED,G10,1645416,-244492,,,,,,,,,,,,
ir/inflation,FAKE_REPLACE_ME - EU HICP,FAKE_REPLACE_ME - 5Y,,FAKE_REPLACE_ME - BOOK_A,G10,-4078881,436206,,,,,,,,,,,,
ir/inflation,FAKE_REPLACE_ME - EU HICP,FAKE_REPLACE_ME - 5Y,,FAKE_REPLACE_ME - BOOK_B,G10,-2200014,-124607,,,,,,,,,,,,
ir/inflation,FAKE_REPLACE_ME - EU HICP,FAKE_REPLACE_ME - 5Y,,FAKE_REPLACE_ME - BOOK_C,G10,-2414461,37610,,,,,,,,,,,,
ir/inflation,FAKE_REPLACE_ME - EU HICP,FAKE_REPLACE_ME - 5Y,,FAKE_REPLACE_ME - BOOK_D,G10,2596356,205836,,,,,,,,,,,,
ir/inflation,FAKE_REPLACE_ME - EU HICP,FAKE_REPLACE_ME - 5Y,,FAKE_REPLACE_ME - BOOK_E,G10,2511986,224300,,,,,,,,,,,,
ir/inflation,FAKE_REPLACE_ME - EU HICP,FAKE_REPLACE_ME - 5Y,,FAKE_REPLACE_ME - BOOK_UNMAPPED,G10,-1969472,343764,,,,,,,,,,,,
ir/inflation,FAKE_REPLACE_ME - EU HICP,FAKE_REPLACE_ME - 10Y,,FAKE_REPLACE_ME - BOOK_A,G10,-2478420,140548,,,,,,,,,,,,
ir/inflation,FAKE_REPLACE_ME - EU HICP,FAKE_REPLACE_ME - 10Y,,FAKE_REPLACE_ME - BOOK_B,G10,1837449,458766,,,,,,,,,,,,
ir/inflation,FAKE_REPLACE_ME - EU HICP,FAKE_REPLACE_ME - 10Y,,FAKE_REPLACE_ME - BOOK_C,G10,-2234411,-255238,,,,,,,,,,,,
ir/inflation,FAKE_REPLACE_ME - EU HICP,FAKE_REPLACE_ME - 10Y,,FAKE_REPLACE_ME - BOOK_D,G10,-1574714,53580,,,,,,,,,,,,
ir/inflation,FAKE_REPLACE_ME - EU HICP,FAKE_REPLACE_ME - 10Y,,FAKE_REPLACE_ME - BOOK_E,G10,3508017,-86121,,,,,,,,,,,,
ir/inflation,FAKE_REPLACE_ME - EU HICP,FAKE_REPLACE_ME - 10Y,,FAKE_REPLACE_ME - BOOK_UNMAPPED,G10,2733313,411946,,,,,,,,,,,,
ir/inflation,FAKE_REPLACE_ME - EU HICP,FAKE_REPLACE_ME - 20Y,,FAKE_REPLACE_ME - BOOK_A,G10,-2054597,313554,,,,,,,,,,,,
ir/inflation,FAKE_REPLACE_ME - EU HICP,FAKE_REPLACE_ME - 20Y,,FAKE_REPLACE_ME - BOOK_B,G10,-4432121,-293018,,,,,,,,,,,,
ir/inflation,FAKE_REPLACE_ME - EU HICP,FAKE_REPLACE_ME - 20Y,,FAKE_REPLACE_ME - BOOK_C,G10,-2501097,389342,,,,,,,,,,,,
ir/inflation,FAKE_REPLACE_ME - EU HICP,FAKE_REPLACE_ME - 20Y,,FAKE_REPLACE_ME - BOOK_D,G10,638613,-422485,,,,,,,,,,,,
ir/inflation,FAKE_REPLACE_ME - EU HICP,FAKE_REPLACE_ME - 20Y,,FAKE_REPLACE_ME - BOOK_E,G10,1167603,-355237,,,,,,,,,,,,
ir/inflation,FAKE_REPLACE_ME - EU HICP,FAKE_REPLACE_ME - 20Y,,FAKE_REPLACE_ME - BOOK_UNMAPPED,G10,1950473,-532067,,,,,,,,,,,,
ir/inflation,FAKE_REPLACE_ME - UK RPI,FAKE_REPLACE_ME - 2Y,,FAKE_REPLACE_ME - BOOK_A,G10,4295112,-247508,,,,,,,,,,,,
ir/inflation,FAKE_REPLACE_ME - UK RPI,FAKE_REPLACE_ME - 2Y,,FAKE_REPLACE_ME - BOOK_B,G10,-1745068,-331343,,,,,,,,,,,,
ir/inflation,FAKE_REPLACE_ME - UK RPI,FAKE_REPLACE_ME - 2Y,,FAKE_REPLACE_ME - BOOK_C,G10,-2032183,408091,,,,,,,,,,,,
ir/inflation,FAKE_REPLACE_ME - UK RPI,FAKE_REPLACE_ME - 2Y,,FAKE_REPLACE_ME - BOOK_D,G10,-4907980,206543,,,,,,,,,,,,
ir/inflation,FAKE_REPLACE_ME - UK RPI,FAKE_REPLACE_ME - 2Y,,FAKE_REPLACE_ME - BOOK_E,G10,4075178,280530,,,,,,,,,,,,
ir/inflation,FAKE_REPLACE_ME - UK RPI,FAKE_REPLACE_ME - 2Y,,FAKE_REPLACE_ME - BOOK_UNMAPPED,G10,-1035496,476321,,,,,,,,,,,,
ir/inflation,FAKE_REPLACE_ME - UK RPI,FAKE_REPLACE_ME - 5Y,,FAKE_REPLACE_ME - BOOK_A,G10,-1307313,-442713,,,,,,,,,,,,
ir/inflation,FAKE_REPLACE_ME - UK RPI,FAKE_REPLACE_ME - 5Y,,FAKE_REPLACE_ME - BOOK_B,G10,-4903288,-195189,,,,,,,,,,,,
ir/inflation,FAKE_REPLACE_ME - UK RPI,FAKE_REPLACE_ME - 5Y,,FAKE_REPLACE_ME - BOOK_C,G10,4797150,-113428,,,,,,,,,,,,
ir/inflation,FAKE_REPLACE_ME - UK RPI,FAKE_REPLACE_ME - 5Y,,FAKE_REPLACE_ME - BOOK_D,G10,1937093,-506231,,,,,,,,,,,,
ir/inflation,FAKE_REPLACE_ME - UK RPI,FAKE_REPLACE_ME - 5Y,,FAKE_REPLACE_ME - BOOK_E,G10,3262513,15047,,,,,,,,,,,,
ir/inflation,FAKE_REPLACE_ME - UK RPI,FAKE_REPLACE_ME - 5Y,,FAKE_REPLACE_ME - BOOK_UNMAPPED,G10,-466908,44457,,,,,,,,,,,,
ir/inflation,FAKE_REPLACE_ME - UK RPI,FAKE_REPLACE_ME - 10Y,,FAKE_REPLACE_ME - BOOK_A,G10,814598,348306,,,,,,,,,,,,
ir/inflation,FAKE_REPLACE_ME - UK RPI,FAKE_REPLACE_ME - 10Y,,FAKE_REPLACE_ME - BOOK_B,G10,3156417,-125321,,,,,,,,,,,,
ir/inflation,FAKE_REPLACE_ME - UK RPI,FAKE_REPLACE_ME - 10Y,,FAKE_REPLACE_ME - BOOK_C,G10,2941296,-506684,,,,,,,,,,,,
ir/inflation,FAKE_REPLACE_ME - UK RPI,FAKE_REPLACE_ME - 10Y,,FAKE_REPLACE_ME - BOOK_D,G10,1962504,175228,,,,,,,,,,,,
ir/inflation,FAKE_REPLACE_ME - UK RPI,FAKE_REPLACE_ME - 10Y,,FAKE_REPLACE_ME - BOOK_E,G10,-1411975,-471642,,,,,,,,,,,,
ir/inflation,FAKE_REPLACE_ME - UK RPI,FAKE_REPLACE_ME - 10Y,,FAKE_REPLACE_ME - BOOK_UNMAPPED,G10,2598846,264384,,,,,,,,,,,,
ir/inflation,FAKE_REPLACE_ME - UK RPI,FAKE_REPLACE_ME - 20Y,,FAKE_REPLACE_ME - BOOK_A,G10,4786095,449167,,,,,,,,,,,,
ir/inflation,FAKE_REPLACE_ME - UK RPI,FAKE_REPLACE_ME - 20Y,,FAKE_REPLACE_ME - BOOK_B,G10,4617251,435422,,,,,,,,,,,,
ir/inflation,FAKE_REPLACE_ME - UK RPI,FAKE_REPLACE_ME - 20Y,,FAKE_REPLACE_ME - BOOK_C,G10,3309726,473968,,,,,,,,,,,,
ir/inflation,FAKE_REPLACE_ME - UK RPI,FAKE_REPLACE_ME - 20Y,,FAKE_REPLACE_ME - BOOK_D,G10,1964307,461765,,,,,,,,,,,,
ir/inflation,FAKE_REPLACE_ME - UK RPI,FAKE_REPLACE_ME - 20Y,,FAKE_REPLACE_ME - BOOK_E,G10,1777713,275793,,,,,,,,,,,,
ir/inflation,FAKE_REPLACE_ME - UK RPI,FAKE_REPLACE_ME - 20Y,,FAKE_REPLACE_ME - BOOK_UNMAPPED,G10,2575847,-287493,,,,,,,,,,,,
ir/inflationvega,FAKE_REPLACE_ME - US CPI Vol,FAKE_REPLACE_ME - 2Y,FAKE_REPLACE_ME - 6M,FAKE_REPLACE_ME - BOOK_A,G10,1074038,498047,,,,,,,,,,,,
ir/inflationvega,FAKE_REPLACE_ME - US CPI Vol,FAKE_REPLACE_ME - 2Y,FAKE_REPLACE_ME - 6M,FAKE_REPLACE_ME - BOOK_B,G10,4455109,376748,,,,,,,,,,,,
ir/inflationvega,FAKE_REPLACE_ME - US CPI Vol,FAKE_REPLACE_ME - 2Y,FAKE_REPLACE_ME - 6M,FAKE_REPLACE_ME - BOOK_C,G10,4137848,-214628,,,,,,,,,,,,
ir/inflationvega,FAKE_REPLACE_ME - US CPI Vol,FAKE_REPLACE_ME - 2Y,FAKE_REPLACE_ME - 6M,FAKE_REPLACE_ME - BOOK_D,G10,-2073854,-54648,,,,,,,,,,,,
ir/inflationvega,FAKE_REPLACE_ME - US CPI Vol,FAKE_REPLACE_ME - 2Y,FAKE_REPLACE_ME - 6M,FAKE_REPLACE_ME - BOOK_E,G10,1809610,228238,,,,,,,,,,,,
ir/inflationvega,FAKE_REPLACE_ME - US CPI Vol,FAKE_REPLACE_ME - 2Y,FAKE_REPLACE_ME - 6M,FAKE_REPLACE_ME - BOOK_UNMAPPED,G10,1048516,409365,,,,,,,,,,,,
ir/inflationvega,FAKE_REPLACE_ME - US CPI Vol,FAKE_REPLACE_ME - 2Y,FAKE_REPLACE_ME - 1Y,FAKE_REPLACE_ME - BOOK_A,G10,-2015322,-32892,,,,,,,,,,,,
ir/inflationvega,FAKE_REPLACE_ME - US CPI Vol,FAKE_REPLACE_ME - 2Y,FAKE_REPLACE_ME - 1Y,FAKE_REPLACE_ME - BOOK_B,G10,3377846,117747,,,,,,,,,,,,
ir/inflationvega,FAKE_REPLACE_ME - US CPI Vol,FAKE_REPLACE_ME - 2Y,FAKE_REPLACE_ME - 1Y,FAKE_REPLACE_ME - BOOK_C,G10,1561667,400414,,,,,,,,,,,,
ir/inflationvega,FAKE_REPLACE_ME - US CPI Vol,FAKE_REPLACE_ME - 2Y,FAKE_REPLACE_ME - 1Y,FAKE_REPLACE_ME - BOOK_D,G10,3244418,329067,,,,,,,,,,,,
ir/inflationvega,FAKE_REPLACE_ME - US CPI Vol,FAKE_REPLACE_ME - 2Y,FAKE_REPLACE_ME - 1Y,FAKE_REPLACE_ME - BOOK_E,G10,2493005,263388,,,,,,,,,,,,
ir/inflationvega,FAKE_REPLACE_ME - US CPI Vol,FAKE_REPLACE_ME - 2Y,FAKE_REPLACE_ME - 1Y,FAKE_REPLACE_ME - BOOK_UNMAPPED,G10,-2595985,-99171,,,,,,,,,,,,
ir/inflationvega,FAKE_REPLACE_ME - US CPI Vol,FAKE_REPLACE_ME - 5Y,FAKE_REPLACE_ME - 6M,FAKE_REPLACE_ME - BOOK_A,G10,3496759,465941,,,,,,,,,,,,
ir/inflationvega,FAKE_REPLACE_ME - US CPI Vol,FAKE_REPLACE_ME - 5Y,FAKE_REPLACE_ME - 6M,FAKE_REPLACE_ME - BOOK_B,G10,1244930,319913,,,,,,,,,,,,
ir/inflationvega,FAKE_REPLACE_ME - US CPI Vol,FAKE_REPLACE_ME - 5Y,FAKE_REPLACE_ME - 6M,FAKE_REPLACE_ME - BOOK_C,G10,2469078,-156647,,,,,,,,,,,,
ir/inflationvega,FAKE_REPLACE_ME - US CPI Vol,FAKE_REPLACE_ME - 5Y,FAKE_REPLACE_ME - 6M,FAKE_REPLACE_ME - BOOK_D,G10,-985989,-489714,,,,,,,,,,,,
ir/inflationvega,FAKE_REPLACE_ME - US CPI Vol,FAKE_REPLACE_ME - 5Y,FAKE_REPLACE_ME - 6M,FAKE_REPLACE_ME - BOOK_E,G10,1320886,-290455,,,,,,,,,,,,
ir/inflationvega,FAKE_REPLACE_ME - US CPI Vol,FAKE_REPLACE_ME - 5Y,FAKE_REPLACE_ME - 6M,FAKE_REPLACE_ME - BOOK_UNMAPPED,G10,1859126,-301526,,,,,,,,,,,,
ir/inflationvega,FAKE_REPLACE_ME - US CPI Vol,FAKE_REPLACE_ME - 5Y,FAKE_REPLACE_ME - 1Y,FAKE_REPLACE_ME - BOOK_A,G10,3859852,134581,,,,,,,,,,,,
ir/inflationvega,FAKE_REPLACE_ME - US CPI Vol,FAKE_REPLACE_ME - 5Y,FAKE_REPLACE_ME - 1Y,FAKE_REPLACE_ME - BOOK_B,G10,-3058008,-320079,,,,,,,,,,,,
ir/inflationvega,FAKE_REPLACE_ME - US CPI Vol,FAKE_REPLACE_ME - 5Y,FAKE_REPLACE_ME - 1Y,FAKE_REPLACE_ME - BOOK_C,G10,3063179,267076,,,,,,,,,,,,
ir/inflationvega,FAKE_REPLACE_ME - US CPI Vol,FAKE_REPLACE_ME - 5Y,FAKE_REPLACE_ME - 1Y,FAKE_REPLACE_ME - BOOK_D,G10,4897473,171667,,,,,,,,,,,,
ir/inflationvega,FAKE_REPLACE_ME - US CPI Vol,FAKE_REPLACE_ME - 5Y,FAKE_REPLACE_ME - 1Y,FAKE_REPLACE_ME - BOOK_E,G10,1068321,-488534,,,,,,,,,,,,
ir/inflationvega,FAKE_REPLACE_ME - US CPI Vol,FAKE_REPLACE_ME - 5Y,FAKE_REPLACE_ME - 1Y,FAKE_REPLACE_ME - BOOK_UNMAPPED,G10,-3325513,36542,,,,,,,,,,,,
ir/inflationvega,FAKE_REPLACE_ME - US CPI Vol,FAKE_REPLACE_ME - 10Y,FAKE_REPLACE_ME - 6M,FAKE_REPLACE_ME - BOOK_A,G10,2444118,262577,,,,,,,,,,,,
ir/inflationvega,FAKE_REPLACE_ME - US CPI Vol,FAKE_REPLACE_ME - 10Y,FAKE_REPLACE_ME - 6M,FAKE_REPLACE_ME - BOOK_B,G10,443203,-236632,,,,,,,,,,,,
ir/inflationvega,FAKE_REPLACE_ME - US CPI Vol,FAKE_REPLACE_ME - 10Y,FAKE_REPLACE_ME - 6M,FAKE_REPLACE_ME - BOOK_C,G10,3931814,-480481,,,,,,,,,,,,
ir/inflationvega,FAKE_REPLACE_ME - US CPI Vol,FAKE_REPLACE_ME - 10Y,FAKE_REPLACE_ME - 6M,FAKE_REPLACE_ME - BOOK_D,G10,3036830,212962,,,,,,,,,,,,
ir/inflationvega,FAKE_REPLACE_ME - US CPI Vol,FAKE_REPLACE_ME - 10Y,FAKE_REPLACE_ME - 6M,FAKE_REPLACE_ME - BOOK_E,G10,-1106934,231972,,,,,,,,,,,,
ir/inflationvega,FAKE_REPLACE_ME - US CPI Vol,FAKE_REPLACE_ME - 10Y,FAKE_REPLACE_ME - 6M,FAKE_REPLACE_ME - BOOK_UNMAPPED,G10,-656980,-74284,,,,,,,,,,,,
ir/inflationvega,FAKE_REPLACE_ME - US CPI Vol,FAKE_REPLACE_ME - 10Y,FAKE_REPLACE_ME - 1Y,FAKE_REPLACE_ME - BOOK_A,G10,-3055275,-82766,,,,,,,,,,,,
ir/inflationvega,FAKE_REPLACE_ME - US CPI Vol,FAKE_REPLACE_ME - 10Y,FAKE_REPLACE_ME - 1Y,FAKE_REPLACE_ME - BOOK_B,G10,3175072,63788,,,,,,,,,,,,
ir/inflationvega,FAKE_REPLACE_ME - US CPI Vol,FAKE_REPLACE_ME - 10Y,FAKE_REPLACE_ME - 1Y,FAKE_REPLACE_ME - BOOK_C,G10,1295228,530994,,,,,,,,,,,,
ir/inflationvega,FAKE_REPLACE_ME - US CPI Vol,FAKE_REPLACE_ME - 10Y,FAKE_REPLACE_ME - 1Y,FAKE_REPLACE_ME - BOOK_D,G10,-2942599,85704,,,,,,,,,,,,
ir/inflationvega,FAKE_REPLACE_ME - US CPI Vol,FAKE_REPLACE_ME - 10Y,FAKE_REPLACE_ME - 1Y,FAKE_REPLACE_ME - BOOK_E,G10,-986567,-170486,,,,,,,,,,,,
ir/inflationvega,FAKE_REPLACE_ME - US CPI Vol,FAKE_REPLACE_ME - 10Y,FAKE_REPLACE_ME - 1Y,FAKE_REPLACE_ME - BOOK_UNMAPPED,G10,-488444,434461,,,,,,,,,,,,
ir/inflationvega,FAKE_REPLACE_ME - US CPI Vol,FAKE_REPLACE_ME - 20Y,FAKE_REPLACE_ME - 6M,FAKE_REPLACE_ME - BOOK_A,G10,1421307,-292417,,,,,,,,,,,,
ir/inflationvega,FAKE_REPLACE_ME - US CPI Vol,FAKE_REPLACE_ME - 20Y,FAKE_REPLACE_ME - 6M,FAKE_REPLACE_ME - BOOK_B,G10,2611919,192505,,,,,,,,,,,,
ir/inflationvega,FAKE_REPLACE_ME - US CPI Vol,FAKE_REPLACE_ME - 20Y,FAKE_REPLACE_ME - 6M,FAKE_REPLACE_ME - BOOK_C,G10,2163153,170708,,,,,,,,,,,,
ir/inflationvega,FAKE_REPLACE_ME - US CPI Vol,FAKE_REPLACE_ME - 20Y,FAKE_REPLACE_ME - 6M,FAKE_REPLACE_ME - BOOK_D,G10,3258667,-522769,,,,,,,,,,,,
ir/inflationvega,FAKE_REPLACE_ME - US CPI Vol,FAKE_REPLACE_ME - 20Y,FAKE_REPLACE_ME - 6M,FAKE_REPLACE_ME - BOOK_E,G10,-3240161,-397735,,,,,,,,,,,,
ir/inflationvega,FAKE_REPLACE_ME - US CPI Vol,FAKE_REPLACE_ME - 20Y,FAKE_REPLACE_ME - 6M,FAKE_REPLACE_ME - BOOK_UNMAPPED,G10,-3633319,395550,,,,,,,,,,,,
ir/inflationvega,FAKE_REPLACE_ME - US CPI Vol,FAKE_REPLACE_ME - 20Y,FAKE_REPLACE_ME - 1Y,FAKE_REPLACE_ME - BOOK_A,G10,-3909350,-435662,,,,,,,,,,,,
ir/inflationvega,FAKE_REPLACE_ME - US CPI Vol,FAKE_REPLACE_ME - 20Y,FAKE_REPLACE_ME - 1Y,FAKE_REPLACE_ME - BOOK_B,G10,2133324,-545640,,,,,,,,,,,,
ir/inflationvega,FAKE_REPLACE_ME - US CPI Vol,FAKE_REPLACE_ME - 20Y,FAKE_REPLACE_ME - 1Y,FAKE_REPLACE_ME - BOOK_C,G10,4073881,354875,,,,,,,,,,,,
ir/inflationvega,FAKE_REPLACE_ME - US CPI Vol,FAKE_REPLACE_ME - 20Y,FAKE_REPLACE_ME - 1Y,FAKE_REPLACE_ME - BOOK_D,G10,-1946833,329121,,,,,,,,,,,,
ir/inflationvega,FAKE_REPLACE_ME - US CPI Vol,FAKE_REPLACE_ME - 20Y,FAKE_REPLACE_ME - 1Y,FAKE_REPLACE_ME - BOOK_E,G10,4466714,470432,,,,,,,,,,,,
ir/inflationvega,FAKE_REPLACE_ME - US CPI Vol,FAKE_REPLACE_ME - 20Y,FAKE_REPLACE_ME - 1Y,FAKE_REPLACE_ME - BOOK_UNMAPPED,G10,1941662,457095,,,,,,,,,,,,
ir/inflationvega,FAKE_REPLACE_ME - EU HICP Vol,FAKE_REPLACE_ME - 2Y,FAKE_REPLACE_ME - 6M,FAKE_REPLACE_ME - BOOK_A,G10,4007945,-359581,,,,,,,,,,,,
ir/inflationvega,FAKE_REPLACE_ME - EU HICP Vol,FAKE_REPLACE_ME - 2Y,FAKE_REPLACE_ME - 6M,FAKE_REPLACE_ME - BOOK_B,G10,-1093929,485362,,,,,,,,,,,,
ir/inflationvega,FAKE_REPLACE_ME - EU HICP Vol,FAKE_REPLACE_ME - 2Y,FAKE_REPLACE_ME - 6M,FAKE_REPLACE_ME - BOOK_C,G10,359775,307123,,,,,,,,,,,,
ir/inflationvega,FAKE_REPLACE_ME - EU HICP Vol,FAKE_REPLACE_ME - 2Y,FAKE_REPLACE_ME - 6M,FAKE_REPLACE_ME - BOOK_D,G10,2452080,-454115,,,,,,,,,,,,
ir/inflationvega,FAKE_REPLACE_ME - EU HICP Vol,FAKE_REPLACE_ME - 2Y,FAKE_REPLACE_ME - 6M,FAKE_REPLACE_ME - BOOK_E,G10,2781043,433220,,,,,,,,,,,,
ir/inflationvega,FAKE_REPLACE_ME - EU HICP Vol,FAKE_REPLACE_ME - 2Y,FAKE_REPLACE_ME - 6M,FAKE_REPLACE_ME - BOOK_UNMAPPED,G10,516311,-435003,,,,,,,,,,,,
ir/inflationvega,FAKE_REPLACE_ME - EU HICP Vol,FAKE_REPLACE_ME - 2Y,FAKE_REPLACE_ME - 1Y,FAKE_REPLACE_ME - BOOK_A,G10,2160303,-373928,,,,,,,,,,,,
ir/inflationvega,FAKE_REPLACE_ME - EU HICP Vol,FAKE_REPLACE_ME - 2Y,FAKE_REPLACE_ME - 1Y,FAKE_REPLACE_ME - BOOK_B,G10,489005,445194,,,,,,,,,,,,
ir/inflationvega,FAKE_REPLACE_ME - EU HICP Vol,FAKE_REPLACE_ME - 2Y,FAKE_REPLACE_ME - 1Y,FAKE_REPLACE_ME - BOOK_C,G10,-4047869,-257930,,,,,,,,,,,,
ir/inflationvega,FAKE_REPLACE_ME - EU HICP Vol,FAKE_REPLACE_ME - 2Y,FAKE_REPLACE_ME - 1Y,FAKE_REPLACE_ME - BOOK_D,G10,4445058,-25260,,,,,,,,,,,,
ir/inflationvega,FAKE_REPLACE_ME - EU HICP Vol,FAKE_REPLACE_ME - 2Y,FAKE_REPLACE_ME - 1Y,FAKE_REPLACE_ME - BOOK_E,G10,326618,-378692,,,,,,,,,,,,
ir/inflationvega,FAKE_REPLACE_ME - EU HICP Vol,FAKE_REPLACE_ME - 2Y,FAKE_REPLACE_ME - 1Y,FAKE_REPLACE_ME - BOOK_UNMAPPED,G10,-4128376,407539,,,,,,,,,,,,
ir/inflationvega,FAKE_REPLACE_ME - EU HICP Vol,FAKE_REPLACE_ME - 5Y,FAKE_REPLACE_ME - 6M,FAKE_REPLACE_ME - BOOK_A,G10,539241,-491657,,,,,,,,,,,,
ir/inflationvega,FAKE_REPLACE_ME - EU HICP Vol,FAKE_REPLACE_ME - 5Y,FAKE_REPLACE_ME - 6M,FAKE_REPLACE_ME - BOOK_B,G10,1257424,12020,,,,,,,,,,,,
ir/inflationvega,FAKE_REPLACE_ME - EU HICP Vol,FAKE_REPLACE_ME - 5Y,FAKE_REPLACE_ME - 6M,FAKE_REPLACE_ME - BOOK_C,G10,-2742334,255922,,,,,,,,,,,,
ir/inflationvega,FAKE_REPLACE_ME - EU HICP Vol,FAKE_REPLACE_ME - 5Y,FAKE_REPLACE_ME - 6M,FAKE_REPLACE_ME - BOOK_D,G10,576139,290782,,,,,,,,,,,,
ir/inflationvega,FAKE_REPLACE_ME - EU HICP Vol,FAKE_REPLACE_ME - 5Y,FAKE_REPLACE_ME - 6M,FAKE_REPLACE_ME - BOOK_E,G10,-4251163,138720,,,,,,,,,,,,
ir/inflationvega,FAKE_REPLACE_ME - EU HICP Vol,FAKE_REPLACE_ME - 5Y,FAKE_REPLACE_ME - 6M,FAKE_REPLACE_ME - BOOK_UNMAPPED,G10,3716444,-255689,,,,,,,,,,,,
ir/inflationvega,FAKE_REPLACE_ME - EU HICP Vol,FAKE_REPLACE_ME - 5Y,FAKE_REPLACE_ME - 1Y,FAKE_REPLACE_ME - BOOK_A,G10,-1842358,-512794,,,,,,,,,,,,
ir/inflationvega,FAKE_REPLACE_ME - EU HICP Vol,FAKE_REPLACE_ME - 5Y,FAKE_REPLACE_ME - 1Y,FAKE_REPLACE_ME - BOOK_B,G10,4894116,-276242,,,,,,,,,,,,
ir/inflationvega,FAKE_REPLACE_ME - EU HICP Vol,FAKE_REPLACE_ME - 5Y,FAKE_REPLACE_ME - 1Y,FAKE_REPLACE_ME - BOOK_C,G10,1746488,325432,,,,,,,,,,,,
ir/inflationvega,FAKE_REPLACE_ME - EU HICP Vol,FAKE_REPLACE_ME - 5Y,FAKE_REPLACE_ME - 1Y,FAKE_REPLACE_ME - BOOK_D,G10,3892977,288847,,,,,,,,,,,,
ir/inflationvega,FAKE_REPLACE_ME - EU HICP Vol,FAKE_REPLACE_ME - 5Y,FAKE_REPLACE_ME - 1Y,FAKE_REPLACE_ME - BOOK_E,G10,-4019137,-66986,,,,,,,,,,,,
ir/inflationvega,FAKE_REPLACE_ME - EU HICP Vol,FAKE_REPLACE_ME - 5Y,FAKE_REPLACE_ME - 1Y,FAKE_REPLACE_ME - BOOK_UNMAPPED,G10,308960,269494,,,,,,,,,,,,
ir/inflationvega,FAKE_REPLACE_ME - EU HICP Vol,FAKE_REPLACE_ME - 10Y,FAKE_REPLACE_ME - 6M,FAKE_REPLACE_ME - BOOK_A,G10,4276098,-472528,,,,,,,,,,,,
ir/inflationvega,FAKE_REPLACE_ME - EU HICP Vol,FAKE_REPLACE_ME - 10Y,FAKE_REPLACE_ME - 6M,FAKE_REPLACE_ME - BOOK_B,G10,4810130,493359,,,,,,,,,,,,
ir/inflationvega,FAKE_REPLACE_ME - EU HICP Vol,FAKE_REPLACE_ME - 10Y,FAKE_REPLACE_ME - 6M,FAKE_REPLACE_ME - BOOK_C,G10,765750,-313521,,,,,,,,,,,,
ir/inflationvega,FAKE_REPLACE_ME - EU HICP Vol,FAKE_REPLACE_ME - 10Y,FAKE_REPLACE_ME - 6M,FAKE_REPLACE_ME - BOOK_D,G10,4674241,-342353,,,,,,,,,,,,
ir/inflationvega,FAKE_REPLACE_ME - EU HICP Vol,FAKE_REPLACE_ME - 10Y,FAKE_REPLACE_ME - 6M,FAKE_REPLACE_ME - BOOK_E,G10,3960690,-80863,,,,,,,,,,,,
ir/inflationvega,FAKE_REPLACE_ME - EU HICP Vol,FAKE_REPLACE_ME - 10Y,FAKE_REPLACE_ME - 6M,FAKE_REPLACE_ME - BOOK_UNMAPPED,G10,1924335,-21744,,,,,,,,,,,,
ir/inflationvega,FAKE_REPLACE_ME - EU HICP Vol,FAKE_REPLACE_ME - 10Y,FAKE_REPLACE_ME - 1Y,FAKE_REPLACE_ME - BOOK_A,G10,-1000630,-57108,,,,,,,,,,,,
ir/inflationvega,FAKE_REPLACE_ME - EU HICP Vol,FAKE_REPLACE_ME - 10Y,FAKE_REPLACE_ME - 1Y,FAKE_REPLACE_ME - BOOK_B,G10,3646988,-488132,,,,,,,,,,,,
ir/inflationvega,FAKE_REPLACE_ME - EU HICP Vol,FAKE_REPLACE_ME - 10Y,FAKE_REPLACE_ME - 1Y,FAKE_REPLACE_ME - BOOK_C,G10,-576928,122037,,,,,,,,,,,,
ir/inflationvega,FAKE_REPLACE_ME - EU HICP Vol,FAKE_REPLACE_ME - 10Y,FAKE_REPLACE_ME - 1Y,FAKE_REPLACE_ME - BOOK_D,G10,684805,10629,,,,,,,,,,,,
ir/inflationvega,FAKE_REPLACE_ME - EU HICP Vol,FAKE_REPLACE_ME - 10Y,FAKE_REPLACE_ME - 1Y,FAKE_REPLACE_ME - BOOK_E,G10,-3910474,-406033,,,,,,,,,,,,
ir/inflationvega,FAKE_REPLACE_ME - EU HICP Vol,FAKE_REPLACE_ME - 10Y,FAKE_REPLACE_ME - 1Y,FAKE_REPLACE_ME - BOOK_UNMAPPED,G10,2869349,-249509,,,,,,,,,,,,
ir/inflationvega,FAKE_REPLACE_ME - EU HICP Vol,FAKE_REPLACE_ME - 20Y,FAKE_REPLACE_ME - 6M,FAKE_REPLACE_ME - BOOK_A,G10,1406103,-17615,,,,,,,,,,,,
ir/inflationvega,FAKE_REPLACE_ME - EU HICP Vol,FAKE_REPLACE_ME - 20Y,FAKE_REPLACE_ME - 6M,FAKE_REPLACE_ME - BOOK_B,G10,-3970156,-89171,,,,,,,,,,,,
ir/inflationvega,FAKE_REPLACE_ME - EU HICP Vol,FAKE_REPLACE_ME - 20Y,FAKE_REPLACE_ME - 6M,FAKE_REPLACE_ME - BOOK_C,G10,3302674,-509214,,,,,,,,,,,,
ir/inflationvega,FAKE_REPLACE_ME - EU HICP Vol,FAKE_REPLACE_ME - 20Y,FAKE_REPLACE_ME - 6M,FAKE_REPLACE_ME - BOOK_D,G10,2991810,-198569,,,,,,,,,,,,
ir/inflationvega,FAKE_REPLACE_ME - EU HICP Vol,FAKE_REPLACE_ME - 20Y,FAKE_REPLACE_ME - 6M,FAKE_REPLACE_ME - BOOK_E,G10,3061211,136800,,,,,,,,,,,,
ir/inflationvega,FAKE_REPLACE_ME - EU HICP Vol,FAKE_REPLACE_ME - 20Y,FAKE_REPLACE_ME - 6M,FAKE_REPLACE_ME - BOOK_UNMAPPED,G10,-3888501,-442692,,,,,,,,,,,,
ir/inflationvega,FAKE_REPLACE_ME - EU HICP Vol,FAKE_REPLACE_ME - 20Y,FAKE_REPLACE_ME - 1Y,FAKE_REPLACE_ME - BOOK_A,G10,4331415,61210,,,,,,,,,,,,
ir/inflationvega,FAKE_REPLACE_ME - EU HICP Vol,FAKE_REPLACE_ME - 20Y,FAKE_REPLACE_ME - 1Y,FAKE_REPLACE_ME - BOOK_B,G10,4081966,303761,,,,,,,,,,,,
ir/inflationvega,FAKE_REPLACE_ME - EU HICP Vol,FAKE_REPLACE_ME - 20Y,FAKE_REPLACE_ME - 1Y,FAKE_REPLACE_ME - BOOK_C,G10,3809222,181985,,,,,,,,,,,,
ir/inflationvega,FAKE_REPLACE_ME - EU HICP Vol,FAKE_REPLACE_ME - 20Y,FAKE_REPLACE_ME - 1Y,FAKE_REPLACE_ME - BOOK_D,G10,4202455,241536,,,,,,,,,,,,
ir/inflationvega,FAKE_REPLACE_ME - EU HICP Vol,FAKE_REPLACE_ME - 20Y,FAKE_REPLACE_ME - 1Y,FAKE_REPLACE_ME - BOOK_E,G10,718050,364755,,,,,,,,,,,,
ir/inflationvega,FAKE_REPLACE_ME - EU HICP Vol,FAKE_REPLACE_ME - 20Y,FAKE_REPLACE_ME - 1Y,FAKE_REPLACE_ME - BOOK_UNMAPPED,G10,2616353,-420168,,,,,,,,,,,,
ir/inflationvega,FAKE_REPLACE_ME - UK RPI Vol,FAKE_REPLACE_ME - 2Y,FAKE_REPLACE_ME - 6M,FAKE_REPLACE_ME - BOOK_A,G10,-3985860,-274910,,,,,,,,,,,,
ir/inflationvega,FAKE_REPLACE_ME - UK RPI Vol,FAKE_REPLACE_ME - 2Y,FAKE_REPLACE_ME - 6M,FAKE_REPLACE_ME - BOOK_B,G10,3087102,346471,,,,,,,,,,,,
ir/inflationvega,FAKE_REPLACE_ME - UK RPI Vol,FAKE_REPLACE_ME - 2Y,FAKE_REPLACE_ME - 6M,FAKE_REPLACE_ME - BOOK_C,G10,-4760079,430384,,,,,,,,,,,,
ir/inflationvega,FAKE_REPLACE_ME - UK RPI Vol,FAKE_REPLACE_ME - 2Y,FAKE_REPLACE_ME - 6M,FAKE_REPLACE_ME - BOOK_D,G10,-2271510,-122250,,,,,,,,,,,,
ir/inflationvega,FAKE_REPLACE_ME - UK RPI Vol,FAKE_REPLACE_ME - 2Y,FAKE_REPLACE_ME - 6M,FAKE_REPLACE_ME - BOOK_E,G10,3969146,-435426,,,,,,,,,,,,
ir/inflationvega,FAKE_REPLACE_ME - UK RPI Vol,FAKE_REPLACE_ME - 2Y,FAKE_REPLACE_ME - 6M,FAKE_REPLACE_ME - BOOK_UNMAPPED,G10,318721,156224,,,,,,,,,,,,
ir/inflationvega,FAKE_REPLACE_ME - UK RPI Vol,FAKE_REPLACE_ME - 2Y,FAKE_REPLACE_ME - 1Y,FAKE_REPLACE_ME - BOOK_A,G10,1707760,-419417,,,,,,,,,,,,
ir/inflationvega,FAKE_REPLACE_ME - UK RPI Vol,FAKE_REPLACE_ME - 2Y,FAKE_REPLACE_ME - 1Y,FAKE_REPLACE_ME - BOOK_B,G10,3209359,240192,,,,,,,,,,,,
ir/inflationvega,FAKE_REPLACE_ME - UK RPI Vol,FAKE_REPLACE_ME - 2Y,FAKE_REPLACE_ME - 1Y,FAKE_REPLACE_ME - BOOK_C,G10,2712399,280776,,,,,,,,,,,,
ir/inflationvega,FAKE_REPLACE_ME - UK RPI Vol,FAKE_REPLACE_ME - 2Y,FAKE_REPLACE_ME - 1Y,FAKE_REPLACE_ME - BOOK_D,G10,3023758,-313652,,,,,,,,,,,,
ir/inflationvega,FAKE_REPLACE_ME - UK RPI Vol,FAKE_REPLACE_ME - 2Y,FAKE_REPLACE_ME - 1Y,FAKE_REPLACE_ME - BOOK_E,G10,468987,106322,,,,,,,,,,,,
ir/inflationvega,FAKE_REPLACE_ME - UK RPI Vol,FAKE_REPLACE_ME - 2Y,FAKE_REPLACE_ME - 1Y,FAKE_REPLACE_ME - BOOK_UNMAPPED,G10,1421541,-204024,,,,,,,,,,,,
ir/inflationvega,FAKE_REPLACE_ME - UK RPI Vol,FAKE_REPLACE_ME - 5Y,FAKE_REPLACE_ME - 6M,FAKE_REPLACE_ME - BOOK_A,G10,793208,204572,,,,,,,,,,,,
ir/inflationvega,FAKE_REPLACE_ME - UK RPI Vol,FAKE_REPLACE_ME - 5Y,FAKE_REPLACE_ME - 6M,FAKE_REPLACE_ME - BOOK_B,G10,2305221,240332,,,,,,,,,,,,
ir/inflationvega,FAKE_REPLACE_ME - UK RPI Vol,FAKE_REPLACE_ME - 5Y,FAKE_REPLACE_ME - 6M,FAKE_REPLACE_ME - BOOK_C,G10,-3349481,-77212,,,,,,,,,,,,
ir/inflationvega,FAKE_REPLACE_ME - UK RPI Vol,FAKE_REPLACE_ME - 5Y,FAKE_REPLACE_ME - 6M,FAKE_REPLACE_ME - BOOK_D,G10,-3798202,-427336,,,,,,,,,,,,
ir/inflationvega,FAKE_REPLACE_ME - UK RPI Vol,FAKE_REPLACE_ME - 5Y,FAKE_REPLACE_ME - 6M,FAKE_REPLACE_ME - BOOK_E,G10,2916516,43891,,,,,,,,,,,,
ir/inflationvega,FAKE_REPLACE_ME - UK RPI Vol,FAKE_REPLACE_ME - 5Y,FAKE_REPLACE_ME - 6M,FAKE_REPLACE_ME - BOOK_UNMAPPED,G10,-1389071,-177775,,,,,,,,,,,,
ir/inflationvega,FAKE_REPLACE_ME - UK RPI Vol,FAKE_REPLACE_ME - 5Y,FAKE_REPLACE_ME - 1Y,FAKE_REPLACE_ME - BOOK_A,G10,2800197,-187666,,,,,,,,,,,,
ir/inflationvega,FAKE_REPLACE_ME - UK RPI Vol,FAKE_REPLACE_ME - 5Y,FAKE_REPLACE_ME - 1Y,FAKE_REPLACE_ME - BOOK_B,G10,1885933,-438320,,,,,,,,,,,,
ir/inflationvega,FAKE_REPLACE_ME - UK RPI Vol,FAKE_REPLACE_ME - 5Y,FAKE_REPLACE_ME - 1Y,FAKE_REPLACE_ME - BOOK_C,G10,4309229,-124428,,,,,,,,,,,,
ir/inflationvega,FAKE_REPLACE_ME - UK RPI Vol,FAKE_REPLACE_ME - 5Y,FAKE_REPLACE_ME - 1Y,FAKE_REPLACE_ME - BOOK_D,G10,-3238409,-297260,,,,,,,,,,,,
ir/inflationvega,FAKE_REPLACE_ME - UK RPI Vol,FAKE_REPLACE_ME - 5Y,FAKE_REPLACE_ME - 1Y,FAKE_REPLACE_ME - BOOK_E,G10,2967593,488580,,,,,,,,,,,,
ir/inflationvega,FAKE_REPLACE_ME - UK RPI Vol,FAKE_REPLACE_ME - 5Y,FAKE_REPLACE_ME - 1Y,FAKE_REPLACE_ME - BOOK_UNMAPPED,G10,3401309,-512762,,,,,,,,,,,,
ir/inflationvega,FAKE_REPLACE_ME - UK RPI Vol,FAKE_REPLACE_ME - 10Y,FAKE_REPLACE_ME - 6M,FAKE_REPLACE_ME - BOOK_A,G10,-4186985,-230837,,,,,,,,,,,,
ir/inflationvega,FAKE_REPLACE_ME - UK RPI Vol,FAKE_REPLACE_ME - 10Y,FAKE_REPLACE_ME - 6M,FAKE_REPLACE_ME - BOOK_B,G10,1320864,53861,,,,,,,,,,,,
ir/inflationvega,FAKE_REPLACE_ME - UK RPI Vol,FAKE_REPLACE_ME - 10Y,FAKE_REPLACE_ME - 6M,FAKE_REPLACE_ME - BOOK_C,G10,1964887,110996,,,,,,,,,,,,
ir/inflationvega,FAKE_REPLACE_ME - UK RPI Vol,FAKE_REPLACE_ME - 10Y,FAKE_REPLACE_ME - 6M,FAKE_REPLACE_ME - BOOK_D,G10,3317009,156429,,,,,,,,,,,,
ir/inflationvega,FAKE_REPLACE_ME - UK RPI Vol,FAKE_REPLACE_ME - 10Y,FAKE_REPLACE_ME - 6M,FAKE_REPLACE_ME - BOOK_E,G10,-4085111,469462,,,,,,,,,,,,
ir/inflationvega,FAKE_REPLACE_ME - UK RPI Vol,FAKE_REPLACE_ME - 10Y,FAKE_REPLACE_ME - 6M,FAKE_REPLACE_ME - BOOK_UNMAPPED,G10,-4043370,-225068,,,,,,,,,,,,
ir/inflationvega,FAKE_REPLACE_ME - UK RPI Vol,FAKE_REPLACE_ME - 10Y,FAKE_REPLACE_ME - 1Y,FAKE_REPLACE_ME - BOOK_A,G10,3528545,238411,,,,,,,,,,,,
ir/inflationvega,FAKE_REPLACE_ME - UK RPI Vol,FAKE_REPLACE_ME - 10Y,FAKE_REPLACE_ME - 1Y,FAKE_REPLACE_ME - BOOK_B,G10,-3828067,-185927,,,,,,,,,,,,
ir/inflationvega,FAKE_REPLACE_ME - UK RPI Vol,FAKE_REPLACE_ME - 10Y,FAKE_REPLACE_ME - 1Y,FAKE_REPLACE_ME - BOOK_C,G10,-1308112,-276248,,,,,,,,,,,,
ir/inflationvega,FAKE_REPLACE_ME - UK RPI Vol,FAKE_REPLACE_ME - 10Y,FAKE_REPLACE_ME - 1Y,FAKE_REPLACE_ME - BOOK_D,G10,3378944,-372337,,,,,,,,,,,,
ir/inflationvega,FAKE_REPLACE_ME - UK RPI Vol,FAKE_REPLACE_ME - 10Y,FAKE_REPLACE_ME - 1Y,FAKE_REPLACE_ME - BOOK_E,G10,3231978,256448,,,,,,,,,,,,
ir/inflationvega,FAKE_REPLACE_ME - UK RPI Vol,FAKE_REPLACE_ME - 10Y,FAKE_REPLACE_ME - 1Y,FAKE_REPLACE_ME - BOOK_UNMAPPED,G10,2719172,33029,,,,,,,,,,,,
ir/inflationvega,FAKE_REPLACE_ME - UK RPI Vol,FAKE_REPLACE_ME - 20Y,FAKE_REPLACE_ME - 6M,FAKE_REPLACE_ME - BOOK_A,G10,1029157,478592,,,,,,,,,,,,
ir/inflationvega,FAKE_REPLACE_ME - UK RPI Vol,FAKE_REPLACE_ME - 20Y,FAKE_REPLACE_ME - 6M,FAKE_REPLACE_ME - BOOK_B,G10,2069825,282816,,,,,,,,,,,,
ir/inflationvega,FAKE_REPLACE_ME - UK RPI Vol,FAKE_REPLACE_ME - 20Y,FAKE_REPLACE_ME - 6M,FAKE_REPLACE_ME - BOOK_C,G10,-2802219,500315,,,,,,,,,,,,
ir/inflationvega,FAKE_REPLACE_ME - UK RPI Vol,FAKE_REPLACE_ME - 20Y,FAKE_REPLACE_ME - 6M,FAKE_REPLACE_ME - BOOK_D,G10,-3260834,175051,,,,,,,,,,,,
ir/inflationvega,FAKE_REPLACE_ME - UK RPI Vol,FAKE_REPLACE_ME - 20Y,FAKE_REPLACE_ME - 6M,FAKE_REPLACE_ME - BOOK_E,G10,-2646850,-367937,,,,,,,,,,,,
ir/inflationvega,FAKE_REPLACE_ME - UK RPI Vol,FAKE_REPLACE_ME - 20Y,FAKE_REPLACE_ME - 6M,FAKE_REPLACE_ME - BOOK_UNMAPPED,G10,-950710,64117,,,,,,,,,,,,
ir/inflationvega,FAKE_REPLACE_ME - UK RPI Vol,FAKE_REPLACE_ME - 20Y,FAKE_REPLACE_ME - 1Y,FAKE_REPLACE_ME - BOOK_A,G10,1494307,292962,,,,,,,,,,,,
ir/inflationvega,FAKE_REPLACE_ME - UK RPI Vol,FAKE_REPLACE_ME - 20Y,FAKE_REPLACE_ME - 1Y,FAKE_REPLACE_ME - BOOK_B,G10,-522545,-449218,,,,,,,,,,,,
ir/inflationvega,FAKE_REPLACE_ME - UK RPI Vol,FAKE_REPLACE_ME - 20Y,FAKE_REPLACE_ME - 1Y,FAKE_REPLACE_ME - BOOK_C,G10,4251196,212447,,,,,,,,,,,,
ir/inflationvega,FAKE_REPLACE_ME - UK RPI Vol,FAKE_REPLACE_ME - 20Y,FAKE_REPLACE_ME - 1Y,FAKE_REPLACE_ME - BOOK_D,G10,-3145915,219613,,,,,,,,,,,,
ir/inflationvega,FAKE_REPLACE_ME - UK RPI Vol,FAKE_REPLACE_ME - 20Y,FAKE_REPLACE_ME - 1Y,FAKE_REPLACE_ME - BOOK_E,G10,4298705,541225,,,,,,,,,,,,
ir/inflationvega,FAKE_REPLACE_ME - UK RPI Vol,FAKE_REPLACE_ME - 20Y,FAKE_REPLACE_ME - 1Y,FAKE_REPLACE_ME - BOOK_UNMAPPED,G10,2700836,304396,,,,,,,,,,,,
ir/basis,FAKE_REPLACE_ME - USD 3M/6M,FAKE_REPLACE_ME - 3M,,FAKE_REPLACE_ME - BOOK_A,G10,1019056,375504,,,,,,,,,,,,
ir/basis,FAKE_REPLACE_ME - USD 3M/6M,FAKE_REPLACE_ME - 3M,,FAKE_REPLACE_ME - BOOK_B,G10,1434621,191846,,,,,,,,,,,,
ir/basis,FAKE_REPLACE_ME - USD 3M/6M,FAKE_REPLACE_ME - 3M,,FAKE_REPLACE_ME - BOOK_C,G10,-1245669,-423484,,,,,,,,,,,,
ir/basis,FAKE_REPLACE_ME - USD 3M/6M,FAKE_REPLACE_ME - 3M,,FAKE_REPLACE_ME - BOOK_D,G10,2942879,-74413,,,,,,,,,,,,
ir/basis,FAKE_REPLACE_ME - USD 3M/6M,FAKE_REPLACE_ME - 3M,,FAKE_REPLACE_ME - BOOK_E,G10,2610923,39576,,,,,,,,,,,,
ir/basis,FAKE_REPLACE_ME - USD 3M/6M,FAKE_REPLACE_ME - 3M,,FAKE_REPLACE_ME - BOOK_UNMAPPED,G10,1074593,-20605,,,,,,,,,,,,
ir/basis,FAKE_REPLACE_ME - USD 3M/6M,FAKE_REPLACE_ME - 6M,,FAKE_REPLACE_ME - BOOK_A,G10,2290883,-131423,,,,,,,,,,,,
ir/basis,FAKE_REPLACE_ME - USD 3M/6M,FAKE_REPLACE_ME - 6M,,FAKE_REPLACE_ME - BOOK_B,G10,1032972,-486170,,,,,,,,,,,,
ir/basis,FAKE_REPLACE_ME - USD 3M/6M,FAKE_REPLACE_ME - 6M,,FAKE_REPLACE_ME - BOOK_C,G10,-2422716,-514711,,,,,,,,,,,,
ir/basis,FAKE_REPLACE_ME - USD 3M/6M,FAKE_REPLACE_ME - 6M,,FAKE_REPLACE_ME - BOOK_D,G10,-2356078,163461,,,,,,,,,,,,
ir/basis,FAKE_REPLACE_ME - USD 3M/6M,FAKE_REPLACE_ME - 6M,,FAKE_REPLACE_ME - BOOK_E,G10,968255,201013,,,,,,,,,,,,
ir/basis,FAKE_REPLACE_ME - USD 3M/6M,FAKE_REPLACE_ME - 6M,,FAKE_REPLACE_ME - BOOK_UNMAPPED,G10,3706192,259003,,,,,,,,,,,,
ir/basis,FAKE_REPLACE_ME - USD 3M/6M,FAKE_REPLACE_ME - 1Y,,FAKE_REPLACE_ME - BOOK_A,G10,1880103,530968,,,,,,,,,,,,
ir/basis,FAKE_REPLACE_ME - USD 3M/6M,FAKE_REPLACE_ME - 1Y,,FAKE_REPLACE_ME - BOOK_B,G10,3847097,-302799,,,,,,,,,,,,
ir/basis,FAKE_REPLACE_ME - USD 3M/6M,FAKE_REPLACE_ME - 1Y,,FAKE_REPLACE_ME - BOOK_C,G10,4367426,488436,,,,,,,,,,,,
ir/basis,FAKE_REPLACE_ME - USD 3M/6M,FAKE_REPLACE_ME - 1Y,,FAKE_REPLACE_ME - BOOK_D,G10,-958359,412879,,,,,,,,,,,,
ir/basis,FAKE_REPLACE_ME - USD 3M/6M,FAKE_REPLACE_ME - 1Y,,FAKE_REPLACE_ME - BOOK_E,G10,-3969344,290223,,,,,,,,,,,,
ir/basis,FAKE_REPLACE_ME - USD 3M/6M,FAKE_REPLACE_ME - 1Y,,FAKE_REPLACE_ME - BOOK_UNMAPPED,G10,-4811600,-419484,,,,,,,,,,,,
ir/basis,FAKE_REPLACE_ME - USD 3M/6M,FAKE_REPLACE_ME - 2Y,,FAKE_REPLACE_ME - BOOK_A,G10,-4177248,79442,,,,,,,,,,,,
ir/basis,FAKE_REPLACE_ME - USD 3M/6M,FAKE_REPLACE_ME - 2Y,,FAKE_REPLACE_ME - BOOK_B,G10,1400892,-227019,,,,,,,,,,,,
ir/basis,FAKE_REPLACE_ME - USD 3M/6M,FAKE_REPLACE_ME - 2Y,,FAKE_REPLACE_ME - BOOK_C,G10,3810474,398224,,,,,,,,,,,,
ir/basis,FAKE_REPLACE_ME - USD 3M/6M,FAKE_REPLACE_ME - 2Y,,FAKE_REPLACE_ME - BOOK_D,G10,-2137486,409367,,,,,,,,,,,,
ir/basis,FAKE_REPLACE_ME - USD 3M/6M,FAKE_REPLACE_ME - 2Y,,FAKE_REPLACE_ME - BOOK_E,G10,-4994179,91856,,,,,,,,,,,,
ir/basis,FAKE_REPLACE_ME - USD 3M/6M,FAKE_REPLACE_ME - 2Y,,FAKE_REPLACE_ME - BOOK_UNMAPPED,G10,4116513,103630,,,,,,,,,,,,
ir/basis,FAKE_REPLACE_ME - EUR 3M/6M,FAKE_REPLACE_ME - 3M,,FAKE_REPLACE_ME - BOOK_A,G10,794506,407644,,,,,,,,,,,,
ir/basis,FAKE_REPLACE_ME - EUR 3M/6M,FAKE_REPLACE_ME - 3M,,FAKE_REPLACE_ME - BOOK_B,G10,-1870777,-181502,,,,,,,,,,,,
ir/basis,FAKE_REPLACE_ME - EUR 3M/6M,FAKE_REPLACE_ME - 3M,,FAKE_REPLACE_ME - BOOK_C,G10,2293557,21194,,,,,,,,,,,,
ir/basis,FAKE_REPLACE_ME - EUR 3M/6M,FAKE_REPLACE_ME - 3M,,FAKE_REPLACE_ME - BOOK_D,G10,-4557530,421263,,,,,,,,,,,,
ir/basis,FAKE_REPLACE_ME - EUR 3M/6M,FAKE_REPLACE_ME - 3M,,FAKE_REPLACE_ME - BOOK_E,G10,-3764955,-229880,,,,,,,,,,,,
ir/basis,FAKE_REPLACE_ME - EUR 3M/6M,FAKE_REPLACE_ME - 3M,,FAKE_REPLACE_ME - BOOK_UNMAPPED,G10,2389552,484896,,,,,,,,,,,,
ir/basis,FAKE_REPLACE_ME - EUR 3M/6M,FAKE_REPLACE_ME - 6M,,FAKE_REPLACE_ME - BOOK_A,G10,329712,-261069,,,,,,,,,,,,
ir/basis,FAKE_REPLACE_ME - EUR 3M/6M,FAKE_REPLACE_ME - 6M,,FAKE_REPLACE_ME - BOOK_B,G10,1067649,65320,,,,,,,,,,,,
ir/basis,FAKE_REPLACE_ME - EUR 3M/6M,FAKE_REPLACE_ME - 6M,,FAKE_REPLACE_ME - BOOK_C,G10,1751605,-538968,,,,,,,,,,,,
ir/basis,FAKE_REPLACE_ME - EUR 3M/6M,FAKE_REPLACE_ME - 6M,,FAKE_REPLACE_ME - BOOK_D,G10,4535350,-301550,,,,,,,,,,,,
ir/basis,FAKE_REPLACE_ME - EUR 3M/6M,FAKE_REPLACE_ME - 6M,,FAKE_REPLACE_ME - BOOK_E,G10,-4783345,-352313,,,,,,,,,,,,
ir/basis,FAKE_REPLACE_ME - EUR 3M/6M,FAKE_REPLACE_ME - 6M,,FAKE_REPLACE_ME - BOOK_UNMAPPED,G10,4121320,-461792,,,,,,,,,,,,
ir/basis,FAKE_REPLACE_ME - EUR 3M/6M,FAKE_REPLACE_ME - 1Y,,FAKE_REPLACE_ME - BOOK_A,G10,3091968,-354069,,,,,,,,,,,,
ir/basis,FAKE_REPLACE_ME - EUR 3M/6M,FAKE_REPLACE_ME - 1Y,,FAKE_REPLACE_ME - BOOK_B,G10,1001875,-104330,,,,,,,,,,,,
ir/basis,FAKE_REPLACE_ME - EUR 3M/6M,FAKE_REPLACE_ME - 1Y,,FAKE_REPLACE_ME - BOOK_C,G10,1350266,-61238,,,,,,,,,,,,
ir/basis,FAKE_REPLACE_ME - EUR 3M/6M,FAKE_REPLACE_ME - 1Y,,FAKE_REPLACE_ME - BOOK_D,G10,4689181,-509462,,,,,,,,,,,,
ir/basis,FAKE_REPLACE_ME - EUR 3M/6M,FAKE_REPLACE_ME - 1Y,,FAKE_REPLACE_ME - BOOK_E,G10,3650538,390739,,,,,,,,,,,,
ir/basis,FAKE_REPLACE_ME - EUR 3M/6M,FAKE_REPLACE_ME - 1Y,,FAKE_REPLACE_ME - BOOK_UNMAPPED,G10,294106,259094,,,,,,,,,,,,
ir/basis,FAKE_REPLACE_ME - EUR 3M/6M,FAKE_REPLACE_ME - 2Y,,FAKE_REPLACE_ME - BOOK_A,G10,-2668973,233452,,,,,,,,,,,,
ir/basis,FAKE_REPLACE_ME - EUR 3M/6M,FAKE_REPLACE_ME - 2Y,,FAKE_REPLACE_ME - BOOK_B,G10,4087632,439898,,,,,,,,,,,,
ir/basis,FAKE_REPLACE_ME - EUR 3M/6M,FAKE_REPLACE_ME - 2Y,,FAKE_REPLACE_ME - BOOK_C,G10,3747566,266310,,,,,,,,,,,,
ir/basis,FAKE_REPLACE_ME - EUR 3M/6M,FAKE_REPLACE_ME - 2Y,,FAKE_REPLACE_ME - BOOK_D,G10,4298088,-412575,,,,,,,,,,,,
ir/basis,FAKE_REPLACE_ME - EUR 3M/6M,FAKE_REPLACE_ME - 2Y,,FAKE_REPLACE_ME - BOOK_E,G10,2778104,-126378,,,,,,,,,,,,
ir/basis,FAKE_REPLACE_ME - EUR 3M/6M,FAKE_REPLACE_ME - 2Y,,FAKE_REPLACE_ME - BOOK_UNMAPPED,G10,-2894079,397572,,,,,,,,,,,,
ir/basis,FAKE_REPLACE_ME - GBP 3M/6M,FAKE_REPLACE_ME - 3M,,FAKE_REPLACE_ME - BOOK_A,G10,1078515,-535675,,,,,,,,,,,,
ir/basis,FAKE_REPLACE_ME - GBP 3M/6M,FAKE_REPLACE_ME - 3M,,FAKE_REPLACE_ME - BOOK_B,G10,3254734,165646,,,,,,,,,,,,
ir/basis,FAKE_REPLACE_ME - GBP 3M/6M,FAKE_REPLACE_ME - 3M,,FAKE_REPLACE_ME - BOOK_C,G10,1681343,448815,,,,,,,,,,,,
ir/basis,FAKE_REPLACE_ME - GBP 3M/6M,FAKE_REPLACE_ME - 3M,,FAKE_REPLACE_ME - BOOK_D,G10,4489641,335812,,,,,,,,,,,,
ir/basis,FAKE_REPLACE_ME - GBP 3M/6M,FAKE_REPLACE_ME - 3M,,FAKE_REPLACE_ME - BOOK_E,G10,-320014,79797,,,,,,,,,,,,
ir/basis,FAKE_REPLACE_ME - GBP 3M/6M,FAKE_REPLACE_ME - 3M,,FAKE_REPLACE_ME - BOOK_UNMAPPED,G10,-3985098,-339286,,,,,,,,,,,,
ir/basis,FAKE_REPLACE_ME - GBP 3M/6M,FAKE_REPLACE_ME - 6M,,FAKE_REPLACE_ME - BOOK_A,G10,555272,60443,,,,,,,,,,,,
ir/basis,FAKE_REPLACE_ME - GBP 3M/6M,FAKE_REPLACE_ME - 6M,,FAKE_REPLACE_ME - BOOK_B,G10,602773,41425,,,,,,,,,,,,
ir/basis,FAKE_REPLACE_ME - GBP 3M/6M,FAKE_REPLACE_ME - 6M,,FAKE_REPLACE_ME - BOOK_C,G10,4450648,-391659,,,,,,,,,,,,
ir/basis,FAKE_REPLACE_ME - GBP 3M/6M,FAKE_REPLACE_ME - 6M,,FAKE_REPLACE_ME - BOOK_D,G10,324559,-224562,,,,,,,,,,,,
ir/basis,FAKE_REPLACE_ME - GBP 3M/6M,FAKE_REPLACE_ME - 6M,,FAKE_REPLACE_ME - BOOK_E,G10,4455681,430457,,,,,,,,,,,,
ir/basis,FAKE_REPLACE_ME - GBP 3M/6M,FAKE_REPLACE_ME - 6M,,FAKE_REPLACE_ME - BOOK_UNMAPPED,G10,2572709,-361420,,,,,,,,,,,,
ir/basis,FAKE_REPLACE_ME - GBP 3M/6M,FAKE_REPLACE_ME - 1Y,,FAKE_REPLACE_ME - BOOK_A,G10,617065,268925,,,,,,,,,,,,
ir/basis,FAKE_REPLACE_ME - GBP 3M/6M,FAKE_REPLACE_ME - 1Y,,FAKE_REPLACE_ME - BOOK_B,G10,-1896943,343606,,,,,,,,,,,,
ir/basis,FAKE_REPLACE_ME - GBP 3M/6M,FAKE_REPLACE_ME - 1Y,,FAKE_REPLACE_ME - BOOK_C,G10,3202244,-138565,,,,,,,,,,,,
ir/basis,FAKE_REPLACE_ME - GBP 3M/6M,FAKE_REPLACE_ME - 1Y,,FAKE_REPLACE_ME - BOOK_D,G10,2516273,-164015,,,,,,,,,,,,
ir/basis,FAKE_REPLACE_ME - GBP 3M/6M,FAKE_REPLACE_ME - 1Y,,FAKE_REPLACE_ME - BOOK_E,G10,2811947,-472226,,,,,,,,,,,,
ir/basis,FAKE_REPLACE_ME - GBP 3M/6M,FAKE_REPLACE_ME - 1Y,,FAKE_REPLACE_ME - BOOK_UNMAPPED,G10,-4508848,191303,,,,,,,,,,,,
ir/basis,FAKE_REPLACE_ME - GBP 3M/6M,FAKE_REPLACE_ME - 2Y,,FAKE_REPLACE_ME - BOOK_A,G10,-4021107,-219319,,,,,,,,,,,,
ir/basis,FAKE_REPLACE_ME - GBP 3M/6M,FAKE_REPLACE_ME - 2Y,,FAKE_REPLACE_ME - BOOK_B,G10,-4127969,309173,,,,,,,,,,,,
ir/basis,FAKE_REPLACE_ME - GBP 3M/6M,FAKE_REPLACE_ME - 2Y,,FAKE_REPLACE_ME - BOOK_C,G10,3520625,213406,,,,,,,,,,,,
ir/basis,FAKE_REPLACE_ME - GBP 3M/6M,FAKE_REPLACE_ME - 2Y,,FAKE_REPLACE_ME - BOOK_D,G10,-3043555,543500,,,,,,,,,,,,
ir/basis,FAKE_REPLACE_ME - GBP 3M/6M,FAKE_REPLACE_ME - 2Y,,FAKE_REPLACE_ME - BOOK_E,G10,-4087897,468009,,,,,,,,,,,,
ir/basis,FAKE_REPLACE_ME - GBP 3M/6M,FAKE_REPLACE_ME - 2Y,,FAKE_REPLACE_ME - BOOK_UNMAPPED,G10,-2444813,357597,,,,,,,,,,,,
ir/bond,FAKE_REPLACE_ME - UST,FAKE_REPLACE_ME - 2Y,,FAKE_REPLACE_ME - BOOK_A,G10,3562676,346067,,,,,,,,,,,,
ir/bond,FAKE_REPLACE_ME - UST,FAKE_REPLACE_ME - 2Y,,FAKE_REPLACE_ME - BOOK_B,G10,2058743,284797,,,,,,,,,,,,
ir/bond,FAKE_REPLACE_ME - UST,FAKE_REPLACE_ME - 2Y,,FAKE_REPLACE_ME - BOOK_C,G10,2196530,-155588,,,,,,,,,,,,
ir/bond,FAKE_REPLACE_ME - UST,FAKE_REPLACE_ME - 2Y,,FAKE_REPLACE_ME - BOOK_D,G10,-359384,53634,,,,,,,,,,,,
ir/bond,FAKE_REPLACE_ME - UST,FAKE_REPLACE_ME - 2Y,,FAKE_REPLACE_ME - BOOK_E,G10,2070474,-18722,,,,,,,,,,,,
ir/bond,FAKE_REPLACE_ME - UST,FAKE_REPLACE_ME - 2Y,,FAKE_REPLACE_ME - BOOK_UNMAPPED,G10,-3450998,-36111,,,,,,,,,,,,
ir/bond,FAKE_REPLACE_ME - UST,FAKE_REPLACE_ME - 5Y,,FAKE_REPLACE_ME - BOOK_A,G10,4334049,34348,,,,,,,,,,,,
ir/bond,FAKE_REPLACE_ME - UST,FAKE_REPLACE_ME - 5Y,,FAKE_REPLACE_ME - BOOK_B,G10,-706915,169066,,,,,,,,,,,,
ir/bond,FAKE_REPLACE_ME - UST,FAKE_REPLACE_ME - 5Y,,FAKE_REPLACE_ME - BOOK_C,G10,-1026287,-262822,,,,,,,,,,,,
ir/bond,FAKE_REPLACE_ME - UST,FAKE_REPLACE_ME - 5Y,,FAKE_REPLACE_ME - BOOK_D,G10,-4733811,467026,,,,,,,,,,,,
ir/bond,FAKE_REPLACE_ME - UST,FAKE_REPLACE_ME - 5Y,,FAKE_REPLACE_ME - BOOK_E,G10,2360068,385584,,,,,,,,,,,,
ir/bond,FAKE_REPLACE_ME - UST,FAKE_REPLACE_ME - 5Y,,FAKE_REPLACE_ME - BOOK_UNMAPPED,G10,4471798,28654,,,,,,,,,,,,
ir/bond,FAKE_REPLACE_ME - UST,FAKE_REPLACE_ME - 10Y,,FAKE_REPLACE_ME - BOOK_A,G10,1180159,-441068,,,,,,,,,,,,
ir/bond,FAKE_REPLACE_ME - UST,FAKE_REPLACE_ME - 10Y,,FAKE_REPLACE_ME - BOOK_B,G10,570042,-380751,,,,,,,,,,,,
ir/bond,FAKE_REPLACE_ME - UST,FAKE_REPLACE_ME - 10Y,,FAKE_REPLACE_ME - BOOK_C,G10,-658115,347656,,,,,,,,,,,,
ir/bond,FAKE_REPLACE_ME - UST,FAKE_REPLACE_ME - 10Y,,FAKE_REPLACE_ME - BOOK_D,G10,3542458,470971,,,,,,,,,,,,
ir/bond,FAKE_REPLACE_ME - UST,FAKE_REPLACE_ME - 10Y,,FAKE_REPLACE_ME - BOOK_E,G10,869003,82497,,,,,,,,,,,,
ir/bond,FAKE_REPLACE_ME - UST,FAKE_REPLACE_ME - 10Y,,FAKE_REPLACE_ME - BOOK_UNMAPPED,G10,2467120,-280951,,,,,,,,,,,,
ir/bond,FAKE_REPLACE_ME - Bund,FAKE_REPLACE_ME - 2Y,,FAKE_REPLACE_ME - BOOK_A,G10,1388097,-455266,,,,,,,,,,,,
ir/bond,FAKE_REPLACE_ME - Bund,FAKE_REPLACE_ME - 2Y,,FAKE_REPLACE_ME - BOOK_B,G10,1443663,488494,,,,,,,,,,,,
ir/bond,FAKE_REPLACE_ME - Bund,FAKE_REPLACE_ME - 2Y,,FAKE_REPLACE_ME - BOOK_C,G10,-764260,544469,,,,,,,,,,,,
ir/bond,FAKE_REPLACE_ME - Bund,FAKE_REPLACE_ME - 2Y,,FAKE_REPLACE_ME - BOOK_D,G10,4538322,-515012,,,,,,,,,,,,
ir/bond,FAKE_REPLACE_ME - Bund,FAKE_REPLACE_ME - 2Y,,FAKE_REPLACE_ME - BOOK_E,G10,2032413,-504346,,,,,,,,,,,,
ir/bond,FAKE_REPLACE_ME - Bund,FAKE_REPLACE_ME - 2Y,,FAKE_REPLACE_ME - BOOK_UNMAPPED,G10,-870337,261079,,,,,,,,,,,,
ir/bond,FAKE_REPLACE_ME - Bund,FAKE_REPLACE_ME - 5Y,,FAKE_REPLACE_ME - BOOK_A,G10,4033381,-156018,,,,,,,,,,,,
ir/bond,FAKE_REPLACE_ME - Bund,FAKE_REPLACE_ME - 5Y,,FAKE_REPLACE_ME - BOOK_B,G10,1253439,74148,,,,,,,,,,,,
ir/bond,FAKE_REPLACE_ME - Bund,FAKE_REPLACE_ME - 5Y,,FAKE_REPLACE_ME - BOOK_C,G10,-4486924,498518,,,,,,,,,,,,
ir/bond,FAKE_REPLACE_ME - Bund,FAKE_REPLACE_ME - 5Y,,FAKE_REPLACE_ME - BOOK_D,G10,-3555103,-237384,,,,,,,,,,,,
ir/bond,FAKE_REPLACE_ME - Bund,FAKE_REPLACE_ME - 5Y,,FAKE_REPLACE_ME - BOOK_E,G10,1755166,-121733,,,,,,,,,,,,
ir/bond,FAKE_REPLACE_ME - Bund,FAKE_REPLACE_ME - 5Y,,FAKE_REPLACE_ME - BOOK_UNMAPPED,G10,-835565,226894,,,,,,,,,,,,
ir/bond,FAKE_REPLACE_ME - Bund,FAKE_REPLACE_ME - 10Y,,FAKE_REPLACE_ME - BOOK_A,G10,3658243,-70538,,,,,,,,,,,,
ir/bond,FAKE_REPLACE_ME - Bund,FAKE_REPLACE_ME - 10Y,,FAKE_REPLACE_ME - BOOK_B,G10,3693802,-178414,,,,,,,,,,,,
ir/bond,FAKE_REPLACE_ME - Bund,FAKE_REPLACE_ME - 10Y,,FAKE_REPLACE_ME - BOOK_C,G10,-2786868,79402,,,,,,,,,,,,
ir/bond,FAKE_REPLACE_ME - Bund,FAKE_REPLACE_ME - 10Y,,FAKE_REPLACE_ME - BOOK_D,G10,418929,60226,,,,,,,,,,,,
ir/bond,FAKE_REPLACE_ME - Bund,FAKE_REPLACE_ME - 10Y,,FAKE_REPLACE_ME - BOOK_E,G10,619995,-242940,,,,,,,,,,,,
ir/bond,FAKE_REPLACE_ME - Bund,FAKE_REPLACE_ME - 10Y,,FAKE_REPLACE_ME - BOOK_UNMAPPED,G10,1642383,199537,,,,,,,,,,,,
ir/bond,FAKE_REPLACE_ME - Gilt,FAKE_REPLACE_ME - 2Y,,FAKE_REPLACE_ME - BOOK_A,G10,3401379,540126,,,,,,,,,,,,
ir/bond,FAKE_REPLACE_ME - Gilt,FAKE_REPLACE_ME - 2Y,,FAKE_REPLACE_ME - BOOK_B,G10,4542288,-227178,,,,,,,,,,,,
ir/bond,FAKE_REPLACE_ME - Gilt,FAKE_REPLACE_ME - 2Y,,FAKE_REPLACE_ME - BOOK_C,G10,-1307621,135810,,,,,,,,,,,,
ir/bond,FAKE_REPLACE_ME - Gilt,FAKE_REPLACE_ME - 2Y,,FAKE_REPLACE_ME - BOOK_D,G10,2619240,70502,,,,,,,,,,,,
ir/bond,FAKE_REPLACE_ME - Gilt,FAKE_REPLACE_ME - 2Y,,FAKE_REPLACE_ME - BOOK_E,G10,2541477,-442005,,,,,,,,,,,,
ir/bond,FAKE_REPLACE_ME - Gilt,FAKE_REPLACE_ME - 2Y,,FAKE_REPLACE_ME - BOOK_UNMAPPED,G10,621095,-355178,,,,,,,,,,,,
ir/bond,FAKE_REPLACE_ME - Gilt,FAKE_REPLACE_ME - 5Y,,FAKE_REPLACE_ME - BOOK_A,G10,3917879,-524277,,,,,,,,,,,,
ir/bond,FAKE_REPLACE_ME - Gilt,FAKE_REPLACE_ME - 5Y,,FAKE_REPLACE_ME - BOOK_B,G10,2784863,-445950,,,,,,,,,,,,
ir/bond,FAKE_REPLACE_ME - Gilt,FAKE_REPLACE_ME - 5Y,,FAKE_REPLACE_ME - BOOK_C,G10,4503323,-307905,,,,,,,,,,,,
ir/bond,FAKE_REPLACE_ME - Gilt,FAKE_REPLACE_ME - 5Y,,FAKE_REPLACE_ME - BOOK_D,G10,811918,534982,,,,,,,,,,,,
ir/bond,FAKE_REPLACE_ME - Gilt,FAKE_REPLACE_ME - 5Y,,FAKE_REPLACE_ME - BOOK_E,G10,1831790,-70344,,,,,,,,,,,,
ir/bond,FAKE_REPLACE_ME - Gilt,FAKE_REPLACE_ME - 5Y,,FAKE_REPLACE_ME - BOOK_UNMAPPED,G10,2315097,192889,,,,,,,,,,,,
ir/bond,FAKE_REPLACE_ME - Gilt,FAKE_REPLACE_ME - 10Y,,FAKE_REPLACE_ME - BOOK_A,G10,3803755,367296,,,,,,,,,,,,
ir/bond,FAKE_REPLACE_ME - Gilt,FAKE_REPLACE_ME - 10Y,,FAKE_REPLACE_ME - BOOK_B,G10,2145954,458223,,,,,,,,,,,,
ir/bond,FAKE_REPLACE_ME - Gilt,FAKE_REPLACE_ME - 10Y,,FAKE_REPLACE_ME - BOOK_C,G10,4793445,-112272,,,,,,,,,,,,
ir/bond,FAKE_REPLACE_ME - Gilt,FAKE_REPLACE_ME - 10Y,,FAKE_REPLACE_ME - BOOK_D,G10,3458032,106375,,,,,,,,,,,,
ir/bond,FAKE_REPLACE_ME - Gilt,FAKE_REPLACE_ME - 10Y,,FAKE_REPLACE_ME - BOOK_E,G10,-802118,461450,,,,,,,,,,,,
ir/bond,FAKE_REPLACE_ME - Gilt,FAKE_REPLACE_ME - 10Y,,FAKE_REPLACE_ME - BOOK_UNMAPPED,G10,3973983,-172326,,,,,,,,,,,,
credit/delta,FAKE_REPLACE_ME - CDX IG,FAKE_REPLACE_ME - 1Y,,FAKE_REPLACE_ME - BOOK_A,Index,592597,451521,592597,451521,485929.54,370247.22,699264.46,532794.78,6518.57,4966.73,-47407.76,-36121.68,207408.95,158032.35
credit/delta,FAKE_REPLACE_ME - CDX IG,FAKE_REPLACE_ME - 1Y,,FAKE_REPLACE_ME - BOOK_B,Index,3063906,-507356,3063906,-507356,2512402.92,-416031.92,3615409.08,-598680.08,33702.97,-5580.92,-245112.48,40588.48,1072367.1,-177574.6
credit/delta,FAKE_REPLACE_ME - CDX IG,FAKE_REPLACE_ME - 1Y,,FAKE_REPLACE_ME - BOOK_C,Index,773302,314606,773302,314606,634107.64,257976.92,912496.36,371235.08,8506.32,3460.67,-61864.16,-25168.48,270655.7,110112.1
credit/delta,FAKE_REPLACE_ME - CDX IG,FAKE_REPLACE_ME - 1Y,,FAKE_REPLACE_ME - BOOK_D,Index,2123990,29857,2123990,29857,1741671.8,24482.74,2506308.2,35231.26,23363.89,328.43,-169919.2,-2388.56,743396.5,10449.95
credit/delta,FAKE_REPLACE_ME - CDX IG,FAKE_REPLACE_ME - 1Y,,FAKE_REPLACE_ME - BOOK_E,Index,1439383,-438982,1439383,-438982,1180294.06,-359965.24,1698471.94,-517998.76,15833.21,-4828.8,-115150.64,35118.56,503784.05,-153643.7
credit/delta,FAKE_REPLACE_ME - CDX IG,FAKE_REPLACE_ME - 1Y,,FAKE_REPLACE_ME - BOOK_UNMAPPED,Index,-4686183,-62264,-4686183,-62264,-3842670.06,-51056.48,-5529695.94,-73471.52,-51548.01,-684.9,374894.64,4981.12,-1640164.05,-21792.4
credit/delta,FAKE_REPLACE_ME - CDX IG,FAKE_REPLACE_ME - 3Y,,FAKE_REPLACE_ME - BOOK_A,Index,3523577,-128997,3523577,-128997,2889333.14,-105777.54,4157820.86,-152216.46,38759.35,-1418.97,-281886.16,10319.76,1233251.95,-45148.95
credit/delta,FAKE_REPLACE_ME - CDX IG,FAKE_REPLACE_ME - 3Y,,FAKE_REPLACE_ME - BOOK_B,Index,971003,472020,971003,472020,796222.46,387056.4,1145783.54,556983.6,10681.03,5192.22,-77680.24,-37761.6,339851.05,165207
credit/delta,FAKE_REPLACE_ME - CDX IG,FAKE_REPLACE_ME - 3Y,,FAKE_REPLACE_ME - BOOK_C,Index,2444257,536694,2444257,536694,2004290.74,440089.08,2884223.26,633298.92,26886.83,5903.63,-195540.56,-42935.52,855489.95,187842.9
credit/delta,FAKE_REPLACE_ME - CDX IG,FAKE_REPLACE_ME - 3Y,,FAKE_REPLACE_ME - BOOK_D,Index,-2801433,-162150,-2801433,-162150,-2297175.06,-132963,-3305690.94,-191337,-30815.76,-1783.65,224114.64,12972,-980501.55,-56752.5
credit/delta,FAKE_REPLACE_ME - CDX IG,FAKE_REPLACE_ME - 3Y,,FAKE_REPLACE_ME - BOOK_E,Index,-1865383,544682,-1865383,544682,-1529614.06,446639.24,-2201151.94,642724.76,-20519.21,5991.5,149230.64,-43574.56,-652884.05,190638.7
credit/delta,FAKE_REPLACE_ME - CDX IG,FAKE_REPLACE_ME - 3Y,,FAKE_REPLACE_ME - BOOK_UNMAPPED,Index,-2003062,-12470,-2003062,-12470,-1642510.84,-10225.4,-2363613.16,-14714.6,-22033.68,-137.17,160244.96,997.6,-701071.7,-4364.5
credit/delta,FAKE_REPLACE_ME - CDX IG,FAKE_REPLACE_ME - 5Y,,FAKE_REPLACE_ME - BOOK_A,Index,1962464,312243,1962464,312243,1609220.48,256039.26,2315707.52,368446.74,21587.1,3434.67,-156997.12,-24979.44,686862.4,109285.05
credit/delta,FAKE_REPLACE_ME - CDX IG,FAKE_REPLACE_ME - 5Y,,FAKE_REPLACE_ME - BOOK_B,Index,1644563,139274,1644563,139274,1348541.66,114204.68,1940584.34,164343.32,18090.19,1532.01,-131565.04,-11141.92,575597.05,48745.9
credit/delta,FAKE_REPLACE_ME - CDX IG,FAKE_REPLACE_ME - 5Y,,FAKE_REPLACE_ME - BOOK_C,Index,-1452869,-145789,-1452869,-145789,-1191352.58,-119546.98,-1714385.42,-172031.02,-15981.56,-1603.68,116229.52,11663.12,-508504.15,-51026.15
credit/delta,FAKE_REPLACE_ME - CDX IG,FAKE_REPLACE_ME - 5Y,,FAKE_REPLACE_ME - BOOK_D,Index,-3365054,417241,-3365054,417241,-2759344.28,342137.62,-3970763.72,492344.38,-37015.59,4589.65,269204.32,-33379.28,-1177768.9,146034.35
credit/delta,FAKE_REPLACE_ME - CDX IG,FAKE_REPLACE_ME - 5Y,,FAKE_REPLACE_ME - BOOK_E,Index,1677958,155673,1677958,155673,1375925.56,127651.86,1979990.44,183694.14,18457.54,1712.4,-134236.64,-12453.84,587285.3,54485.55
credit/delta,FAKE_REPLACE_ME - CDX IG,FAKE_REPLACE_ME - 5Y,,FAKE_REPLACE_ME - BOOK_UNMAPPED,Index,-2802909,-38935,-2802909,-38935,-2298385.38,-31926.7,-3307432.62,-45943.3,-30832,-428.28,224232.72,3114.8,-981018.15,-13627.25
credit/delta,FAKE_REPLACE_ME - CDX IG,FAKE_REPLACE_ME - 7Y,,FAKE_REPLACE_ME - BOOK_A,Index,-857462,-537080,-857462,-537080,-703118.84,-440405.6,-1011805.16,-633754.4,-9432.08,-5907.88,68596.96,42966.4,-300111.7,-187978
credit/delta,FAKE_REPLACE_ME - CDX IG,FAKE_REPLACE_ME - 7Y,,FAKE_REPLACE_ME - BOOK_B,Index,2476737,344415,2476737,344415,2030924.34,282420.3,2922549.66,406409.7,27244.11,3788.56,-198138.96,-27553.2,866857.95,120545.25
credit/delta,FAKE_REPLACE_ME - CDX IG,FAKE_REPLACE_ME - 7Y,,FAKE_REPLACE_ME - BOOK_C,Index,2850930,-238202,2850930,-238202,2337762.6,-195325.64,3364097.4,-281078.36,31360.23,-2620.22,-228074.4,19056.16,997825.5,-83370.7
credit/delta,FAKE_REPLACE_ME - CDX IG,FAKE_REPLACE_ME - 7Y,,FAKE_REPLACE_ME - BOOK_D,Index,2718157,325350,2718157,325350,2228888.74,266787,3207425.26,383913,29899.73,3578.85,-217452.56,-26028,951354.95,113872.5
credit/delta,FAKE_REPLACE_ME - CDX IG,FAKE_REPLACE_ME - 7Y,,FAKE_REPLACE_ME - BOOK_E,Index,-695256,483786,-695256,483786,-570109.92,396704.52,-820402.08,570867.48,-7647.82,5321.65,55620.48,-38702.88,-243339.6,169325.1
credit/delta,FAKE_REPLACE_ME - CDX IG,FAKE_REPLACE_ME - 7Y,,FAKE_REPLACE_ME - BOOK_UNMAPPED,Index,4388567,524187,4388567,524187,3598624.94,429833.34,5178509.06,618540.66,48274.24,5766.06,-351085.36,-41934.96,1535998.45,183465.45
credit/delta,FAKE_REPLACE_ME - iTraxx Main,FAKE_REPLACE_ME - 1Y,,FAKE_REPLACE_ME - BOOK_A,Index,-2062749,-333235,-2062749,-333235,-1691454.18,-273252.7,-2434043.82,-393217.3,-22690.24,-3665.58,165019.92,26658.8,-721962.15,-116632.25
credit/delta,FAKE_REPLACE_ME - iTraxx Main,FAKE_REPLACE_ME - 1Y,,FAKE_REPLACE_ME - BOOK_B,Index,3031517,-341205,3031517,-341205,2485843.94,-279788.1,3577190.06,-402621.9,33346.69,-3753.25,-242521.36,27296.4,1061030.95,-119421.75
credit/delta,FAKE_REPLACE_ME - iTraxx Main,FAKE_REPLACE_ME - 1Y,,FAKE_REPLACE_ME - BOOK_C,Index,-2823599,472094,-2823599,472094,-2315351.18,387117.08,-3331846.82,557070.92,-31059.59,5193.03,225887.92,-37767.52,-988259.65,165232.9
credit/delta,FAKE_REPLACE_ME - iTraxx Main,FAKE_REPLACE_ME - 1Y,,FAKE_REPLACE_ME - BOOK_D,Index,2678097,-530178,2678097,-530178,2196039.54,-434745.96,3160154.46,-625610.04,29459.07,-5831.96,-214247.76,42414.24,937333.95,-185562.3
credit/delta,FAKE_REPLACE_ME - iTraxx Main,FAKE_REPLACE_ME - 1Y,,FAKE_REPLACE_ME - BOOK_E,Index,2089419,240151,2089419,240151,1713323.58,196923.82,2465514.42,283378.18,22983.61,2641.66,-167153.52,-19212.08,731296.65,84052.85
credit/delta,FAKE_REPLACE_ME - iTraxx Main,FAKE_REPLACE_ME - 1Y,,FAKE_REPLACE_ME - BOOK_UNMAPPED,Index,-4794953,197747,-4794953,197747,-3931861.46,162152.54,-5658044.54,233341.46,-52744.48,2175.22,383596.24,-15819.76,-1678233.55,69211.45
credit/delta,FAKE_REPLACE_ME - iTraxx Main,FAKE_REPLACE_ME - 3Y,,FAKE_REPLACE_ME - BOOK_A,Index,2609940,286903,2609940,286903,2140150.8,235260.46,3079729.2,338545.54,28709.34,3155.93,-208795.2,-22952.24,913479,100416.05
credit/delta,FAKE_REPLACE_ME - iTraxx Main,FAKE_REPLACE_ME - 3Y,,FAKE_REPLACE_ME - BOOK_B,Index,1645165,129810,1645165,129810,1349035.3,106444.2,1941294.7,153175.8,18096.81,1427.91,-131613.2,-10384.8,575807.75,45433.5
credit/delta,FAKE_REPLACE_ME - iTraxx Main,FAKE_REPLACE_ME - 3Y,,FAKE_REPLACE_ME - BOOK_C,Index,2771165,-211661,2771165,-211661,2272355.3,-173562.02,3269974.7,-249759.98,30482.81,-2328.27,-221693.2,16932.88,969907.75,-74081.35
credit/delta,FAKE_REPLACE_ME - iTraxx Main,FAKE_REPLACE_ME - 3Y,,FAKE_REPLACE_ME - BOOK_D,Index,2663084,73197,2663084,73197,2183728.88,60021.54,3142439.12,86372.46,29293.92,805.17,-213046.72,-5855.76,932079.4,25618.95
credit/delta,FAKE_REPLACE_ME - iTraxx Main,FAKE_REPLACE_ME - 3Y,,FAKE_REPLACE_ME - BOOK_E,Index,-2769016,-282834,-2769016,-282834,-2270593.12,-231923.88,-3267438.88,-333744.12,-30459.18,-3111.17,221521.28,22626.72,-969155.6,-98991.9
credit/delta,FAKE_REPLACE_ME - iTraxx Main,FAKE_REPLACE_ME - 3Y,,FAKE_REPLACE_ME - BOOK_UNMAPPED,Index,2887650,499056,2887650,499056,2367873,409225.92,3407427,588886.08,31764.15,5489.62,-231012,-39924.48,1010677.5,174669.6
credit/delta,FAKE_REPLACE_ME - iTraxx Main,FAKE_REPLACE_ME - 5Y,,FAKE_REPLACE_ME - BOOK_A,Index,335789,-321260,335789,-321260,275346.98,-263433.2,396231.02,-379086.8,3693.68,-3533.86,-26863.12,25700.8,117526.15,-112441
credit/delta,FAKE_REPLACE_ME - iTraxx Main,FAKE_REPLACE_ME - 5Y,,FAKE_REPLACE_ME - BOOK_B,Index,-4450552,418042,-4450552,418042,-3649452.64,342794.44,-5251651.36,493289.56,-48956.07,4598.46,356044.16,-33443.36,-1557693.2,146314.7
credit/delta,FAKE_REPLACE_ME - iTraxx Main,FAKE_REPLACE_ME - 5Y,,FAKE_REPLACE_ME - BOOK_C,Index,-1432045,394269,-1432045,394269,-1174276.9,323300.58,-1689813.1,465237.42,-15752.49,4336.96,114563.6,-31541.52,-501215.75,137994.15
credit/delta,FAKE_REPLACE_ME - iTraxx Main,FAKE_REPLACE_ME - 5Y,,FAKE_REPLACE_ME - BOOK_D,Index,-4420771,-278516,-4420771,-278516,-3625032.22,-228383.12,-5216509.78,-328648.88,-48628.48,-3063.68,353661.68,22281.28,-1547269.85,-97480.6
credit/delta,FAKE_REPLACE_ME - iTraxx Main,FAKE_REPLACE_ME - 5Y,,FAKE_REPLACE_ME - BOOK_E,Index,3888782,-371682,3888782,-371682,3188801.24,-304779.24,4588762.76,-438584.76,42776.6,-4088.5,-311102.56,29734.56,1361073.7,-130088.7
credit/delta,FAKE_REPLACE_ME - iTraxx Main,FAKE_REPLACE_ME - 5Y,,FAKE_REPLACE_ME - BOOK_UNMAPPED,Index,2120902,344718,2120902,344718,1739139.64,282668.76,2502664.36,406767.24,23329.92,3791.9,-169672.16,-27577.44,742315.7,120651.3
credit/delta,FAKE_REPLACE_ME - iTraxx Main,FAKE_REPLACE_ME - 7Y,,FAKE_REPLACE_ME - BOOK_A,Index,706456,-12470,706456,-12470,579293.92,-10225.4,833618.08,-14714.6,7771.02,-137.17,-56516.48,997.6,247259.6,-4364.5
credit/delta,FAKE_REPLACE_ME - iTraxx Main,FAKE_REPLACE_ME - 7Y,,FAKE_REPLACE_ME - BOOK_B,Index,-2849241,-428565,-2849241,-428565,-2336377.62,-351423.3,-3362104.38,-505706.7,-31341.65,-4714.22,227939.28,34285.2,-997234.35,-149997.75
credit/delta,FAKE_REPLACE_ME - iTraxx Main,FAKE_REPLACE_ME - 7Y,,FAKE_REPLACE_ME - BOOK_C,Index,-2640199,-42683,-2640199,-42683,-2164963.18,-35000.06,-3115434.82,-50365.94,-29042.19,-469.51,211215.92,3414.64,-924069.65,-14939.05
credit/delta,FAKE_REPLACE_ME - iTraxx Main,FAKE_REPLACE_ME - 7Y,,FAKE_REPLACE_ME - BOOK_D,Index,3611842,435866,3611842,435866,2961710.44,357410.12,4261973.56,514321.88,39730.26,4794.53,-288947.36,-34869.28,1264144.7,152553.1
credit/delta,FAKE_REPLACE_ME - iTraxx Main,FAKE_REPLACE_ME - 7Y,,FAKE_REPLACE_ME - BOOK_E,Index,1855386,-465344,1855386,-465344,1521416.52,-381582.08,2189355.48,-549105.92,20409.25,-5118.78,-148430.88,37227.52,649385.1,-162870.4
credit/delta,FAKE_REPLACE_ME - iTraxx Main,FAKE_REPLACE_ME - 7Y,,FAKE_REPLACE_ME - BOOK_UNMAPPED,Index,-3194640,-404122,-3194640,-404122,-2619604.8,-331380.04,-3769675.2,-476863.96,-35141.04,-4445.34,255571.2,32329.76,-1118124,-141442.7
credit/delta,FAKE_REPLACE_ME - Ford CDS,FAKE_REPLACE_ME - 1Y,,FAKE_REPLACE_ME - BOOK_A,Single Name,4922305,59782,4922305,59782,4036290.1,49021.24,5808319.9,70542.76,54145.35,657.6,-393784.4,-4782.56,1722806.75,20923.7
credit/delta,FAKE_REPLACE_ME - Ford CDS,FAKE_REPLACE_ME - 1Y,,FAKE_REPLACE_ME - BOOK_B,Single Name,4151762,58054,4151762,58054,3404444.84,47604.28,4899079.16,68503.72,45669.38,638.59,-332140.96,-4644.32,1453116.7,20318.9
credit/delta,FAKE_REPLACE_ME - Ford CDS,FAKE_REPLACE_ME - 1Y,,FAKE_REPLACE_ME - BOOK_C,Single Name,559442,-341990,559442,-341990,458742.44,-280431.8,660141.56,-403548.2,6153.86,-3761.89,-44755.36,27359.2,195804.7,-119696.5
credit/delta,FAKE_REPLACE_ME - Ford CDS,FAKE_REPLACE_ME - 1Y,,FAKE_REPLACE_ME - BOOK_D,Single Name,4072473,-105256,4072473,-105256,3339427.86,-86309.92,4805518.14,-124202.08,44797.2,-1157.82,-325797.84,8420.48,1425365.55,-36839.6
credit/delta,FAKE_REPLACE_ME - Ford CDS,FAKE_REPLACE_ME - 1Y,,FAKE_REPLACE_ME - BOOK_E,Single Name,3228004,-102108,3228004,-102108,2646963.28,-83728.56,3809044.72,-120487.44,35508.04,-1123.19,-258240.32,8168.64,1129801.4,-35737.8
credit/delta,FAKE_REPLACE_ME - Ford CDS,FAKE_REPLACE_ME - 1Y,,FAKE_REPLACE_ME - BOOK_UNMAPPED,Single Name,3340192,-488921,3340192,-488921,2738957.44,-400915.22,3941426.56,-576926.78,36742.11,-5378.13,-267215.36,39113.68,1169067.2,-171122.35
credit/delta,FAKE_REPLACE_ME - Ford CDS,FAKE_REPLACE_ME - 3Y,,FAKE_REPLACE_ME - BOOK_A,Single Name,884372,523075,884372,523075,725185.04,428921.5,1043558.96,617228.5,9728.09,5753.82,-70749.76,-41846,309530.2,183076.25
credit/delta,FAKE_REPLACE_ME - Ford CDS,FAKE_REPLACE_ME - 3Y,,FAKE_REPLACE_ME - BOOK_B,Single Name,3211881,469669,3211881,469669,2633742.42,385128.58,3790019.58,554209.42,35330.69,5166.36,-256950.48,-37573.52,1124158.35,164384.15
credit/delta,FAKE_REPLACE_ME - Ford CDS,FAKE_REPLACE_ME - 3Y,,FAKE_REPLACE_ME - BOOK_C,Single Name,1119226,-154510,1119226,-154510,917765.32,-126698.2,1320686.68,-182321.8,12311.49,-1699.61,-89538.08,12360.8,391729.1,-54078.5
credit/delta,FAKE_REPLACE_ME - Ford CDS,FAKE_REPLACE_ME - 3Y,,FAKE_REPLACE_ME - BOOK_D,Single Name,2430481,305611,2430481,305611,1992994.42,250601.02,2867967.58,360620.98,26735.29,3361.72,-194438.48,-24448.88,850668.35,106963.85
credit/delta,FAKE_REPLACE_ME - Ford CDS,FAKE_REPLACE_ME - 3Y,,FAKE_REPLACE_ME - BOOK_E,Single Name,1292468,-188224,1292468,-188224,1059823.76,-154343.68,1525112.24,-222104.32,14217.15,-2070.46,-103397.44,15057.92,452363.8,-65878.4
credit/delta,FAKE_REPLACE_ME - Ford CDS,FAKE_REPLACE_ME - 3Y,,FAKE_REPLACE_ME - BOOK_UNMAPPED,Single Name,4775561,-43004,4775561,-43004,3915960.02,-35263.28,5635161.98,-50744.72,52531.17,-473.04,-382044.88,3440.32,1671446.35,-15051.4
credit/delta,FAKE_REPLACE_ME - Ford CDS,FAKE_REPLACE_ME - 5Y,,FAKE_REPLACE_ME - BOOK_A,Single Name,2892939,276609,2892939,276609,2372209.98,226819.38,3413668.02,326398.62,31822.33,3042.7,-231435.12,-22128.72,1012528.65,96813.15
credit/delta,FAKE_REPLACE_ME - Ford CDS,FAKE_REPLACE_ME - 5Y,,FAKE_REPLACE_ME - BOOK_B,Single Name,552696,-373380,552696,-373380,453210.72,-306171.6,652181.28,-440588.4,6079.66,-4107.18,-44215.68,29870.4,193443.6,-130683
credit/delta,FAKE_REPLACE_ME - Ford CDS,FAKE_REPLACE_ME - 5Y,,FAKE_REPLACE_ME - BOOK_C,Single Name,-4348659,-511505,-4348659,-511505,-3565900.38,-419434.1,-5131417.62,-603575.9,-47835.25,-5626.55,347892.72,40920.4,-1522030.65,-179026.75
credit/delta,FAKE_REPLACE_ME - Ford CDS,FAKE_REPLACE_ME - 5Y,,FAKE_REPLACE_ME - BOOK_D,Single Name,3250255,-267807,3250255,-267807,2665209.1,-219601.74,3835300.9,-316012.26,35752.81,-2945.88,-260020.4,21424.56,1137589.25,-93732.45
credit/delta,FAKE_REPLACE_ME - Ford CDS,FAKE_REPLACE_ME - 5Y,,FAKE_REPLACE_ME - BOOK_E,Single Name,1505964,52083,1505964,52083,1234890.48,42708.06,1777037.52,61457.94,16565.6,572.91,-120477.12,-4166.64,527087.4,18229.05
credit/delta,FAKE_REPLACE_ME - Ford CDS,FAKE_REPLACE_ME - 5Y,,FAKE_REPLACE_ME - BOOK_UNMAPPED,Single Name,4602630,248839,4602630,248839,3774156.6,204047.98,5431103.4,293630.02,50628.93,2737.23,-368210.4,-19907.12,1610920.5,87093.65
credit/delta,FAKE_REPLACE_ME - Ford CDS,FAKE_REPLACE_ME - 7Y,,FAKE_REPLACE_ME - BOOK_A,Single Name,-1493162,58445,-1493162,58445,-1224392.84,47924.9,-1761931.16,68965.1,-16424.78,642.89,119452.96,-4675.6,-522606.7,20455.75
credit/delta,FAKE_REPLACE_ME - Ford CDS,FAKE_REPLACE_ME - 7Y,,FAKE_REPLACE_ME - BOOK_B,Single Name,1765072,458491,1765072,458491,1447359.04,375962.62,2082784.96,541019.38,19415.79,5043.4,-141205.76,-36679.28,617775.2,160471.85
credit/delta,FAKE_REPLACE_ME - Ford CDS,FAKE_REPLACE_ME - 7Y,,FAKE_REPLACE_ME - BOOK_C,Single Name,1096184,-90894,1096184,-90894,898870.88,-74533.08,1293497.12,-107254.92,12058.02,-999.83,-87694.72,7271.52,383664.4,-31812.9
credit/delta,FAKE_REPLACE_ME - Ford CDS,FAKE_REPLACE_ME - 7Y,,FAKE_REPLACE_ME - BOOK_D,Single Name,2952420,481132,2952420,481132,2420984.4,394528.24,3483855.6,567735.76,32476.62,5292.45,-236193.6,-38490.56,1033347,168396.2
credit/delta,FAKE_REPLACE_ME - Ford CDS,FAKE_REPLACE_ME - 7Y,,FAKE_REPLACE_ME - BOOK_E,Single Name,1190888,247938,1190888,247938,976528.16,203309.16,1405247.84,292566.84,13099.77,2727.32,-95271.04,-19835.04,416810.8,86778.3
credit/delta,FAKE_REPLACE_ME - Ford CDS,FAKE_REPLACE_ME - 7Y,,FAKE_REPLACE_ME - BOOK_UNMAPPED,Single Name,2691132,200968,2691132,200968,2206728.24,164793.76,3175535.76,237142.24,29602.45,2210.65,-215290.56,-16077.44,941896.2,70338.8
credit/vega,FAKE_REPLACE_ME - CDX IG Vol,FAKE_REPLACE_ME - 1M,,FAKE_REPLACE_ME - BOOK_A,Index,2792296,360365,2792296,360365,2289682.72,295499.3,3294909.28,425230.7,30715.26,3964.01,-223383.68,-28829.2,977303.6,126127.75
credit/vega,FAKE_REPLACE_ME - CDX IG Vol,FAKE_REPLACE_ME - 1M,,FAKE_REPLACE_ME - BOOK_B,Index,1496566,-111013,1496566,-111013,1227184.12,-91030.66,1765947.88,-130995.34,16462.23,-1221.14,-119725.28,8881.04,523798.1,-38854.55
credit/vega,FAKE_REPLACE_ME - CDX IG Vol,FAKE_REPLACE_ME - 1M,,FAKE_REPLACE_ME - BOOK_C,Index,-2739136,-105962,-2739136,-105962,-2246091.52,-86888.84,-3232180.48,-125035.16,-30130.5,-1165.58,219130.88,8476.96,-958697.6,-37086.7
credit/vega,FAKE_REPLACE_ME - CDX IG Vol,FAKE_REPLACE_ME - 1M,,FAKE_REPLACE_ME - BOOK_D,Index,4016441,-404457,4016441,-404457,3293481.62,-331654.74,4739400.38,-477259.26,44180.85,-4449.03,-321315.28,32356.56,1405754.35,-141559.95
credit/vega,FAKE_REPLACE_ME - CDX IG Vol,FAKE_REPLACE_ME - 1M,,FAKE_REPLACE_ME - BOOK_E,Index,663959,-154139,663959,-154139,544446.38,-126393.98,783471.62,-181884.02,7303.55,-1695.53,-53116.72,12331.12,232385.65,-53948.65
credit/vega,FAKE_REPLACE_ME - CDX IG Vol,FAKE_REPLACE_ME - 1M,,FAKE_REPLACE_ME - BOOK_UNMAPPED,Index,-324361,64252,-324361,64252,-265976.02,52686.64,-382745.98,75817.36,-3567.97,706.77,25948.88,-5140.16,-113526.35,22488.2
credit/vega,FAKE_REPLACE_ME - CDX IG Vol,FAKE_REPLACE_ME - 3M,,FAKE_REPLACE_ME - BOOK_A,Index,4824490,-352019,4824490,-352019,3956081.8,-288655.58,5692898.2,-415382.42,53069.39,-3872.21,-385959.2,28161.52,1688571.5,-123206.65
credit/vega,FAKE_REPLACE_ME - CDX IG Vol,FAKE_REPLACE_ME - 3M,,FAKE_REPLACE_ME - BOOK_B,Index,1582250,538536,1582250,538536,1297445,441599.52,1867055,635472.48,17404.75,5923.9,-126580,-43082.88,553787.5,188487.6
credit/vega,FAKE_REPLACE_ME - CDX IG Vol,FAKE_REPLACE_ME - 3M,,FAKE_REPLACE_ME - BOOK_C,Index,537998,133455,537998,133455,441158.36,109433.1,634837.64,157476.9,5917.98,1468,-43039.84,-10676.4,188299.3,46709.25
credit/vega,FAKE_REPLACE_ME - CDX IG Vol,FAKE_REPLACE_ME - 3M,,FAKE_REPLACE_ME - BOOK_D,Index,3862601,-128715,3862601,-128715,3167332.82,-105546.3,4557869.18,-151883.7,42488.61,-1415.87,-309008.08,10297.2,1351910.35,-45050.25
credit/vega,FAKE_REPLACE_ME - CDX IG Vol,FAKE_REPLACE_ME - 3M,,FAKE_REPLACE_ME - BOOK_E,Index,589868,-337651,589868,-337651,483691.76,-276873.82,696044.24,-398428.18,6488.55,-3714.16,-47189.44,27012.08,206453.8,-118177.85
credit/vega,FAKE_REPLACE_ME - CDX IG Vol,FAKE_REPLACE_ME - 3M,,FAKE_REPLACE_ME - BOOK_UNMAPPED,Index,1184025,24400,1184025,24400,970900.5,20008,1397149.5,28792,13024.27,268.4,-94722,-1952,414408.75,8540
credit/vega,FAKE_REPLACE_ME - CDX IG Vol,FAKE_REPLACE_ME - 6M,,FAKE_REPLACE_ME - BOOK_A,Index,342826,173008,342826,173008,281117.32,141866.56,404534.68,204149.44,3771.09,1903.09,-27426.08,-13840.64,119989.1,60552.8
credit/vega,FAKE_REPLACE_ME - CDX IG Vol,FAKE_REPLACE_ME - 6M,,FAKE_REPLACE_ME - BOOK_B,Index,-1222936,30574,-1222936,30574,-1002807.52,25070.68,-1443064.48,36077.32,-13452.3,336.31,97834.88,-2445.92,-428027.6,10700.9
credit/vega,FAKE_REPLACE_ME - CDX IG Vol,FAKE_REPLACE_ME - 6M,,FAKE_REPLACE_ME - BOOK_C,Index,3533022,356267,3533022,356267,2897078.04,292138.94,4168965.96,420395.06,38863.24,3918.94,-282641.76,-28501.36,1236557.7,124693.45
credit/vega,FAKE_REPLACE_ME - CDX IG Vol,FAKE_REPLACE_ME - 6M,,FAKE_REPLACE_ME - BOOK_D,Index,2377583,-101662,2377583,-101662,1949618.06,-83362.84,2805547.94,-119961.16,26153.41,-1118.28,-190206.64,8132.96,832154.05,-35581.7
credit/vega,FAKE_REPLACE_ME - CDX IG Vol,FAKE_REPLACE_ME - 6M,,FAKE_REPLACE_ME - BOOK_E,Index,2361799,443329,2361799,443329,1936675.18,363529.78,2786922.82,523128.22,25979.79,4876.62,-188943.92,-35466.32,826629.65,155165.15
credit/vega,FAKE_REPLACE_ME - CDX IG Vol,FAKE_REPLACE_ME - 6M,,FAKE_REPLACE_ME - BOOK_UNMAPPED,Index,493786,451690,493786,451690,404904.52,370385.8,582667.48,532994.2,5431.65,4968.59,-39502.88,-36135.2,172825.1,158091.5
credit/vega,FAKE_REPLACE_ME - iTraxx Main Vol,FAKE_REPLACE_ME - 1M,,FAKE_REPLACE_ME - BOOK_A,Index,1397467,385172,1397467,385172,1145922.94,315841.04,1649011.06,454502.96,15372.14,4236.89,-111797.36,-30813.76,489113.45,134810.2
credit/vega,FAKE_REPLACE_ME - iTraxx Main Vol,FAKE_REPLACE_ME - 1M,,FAKE_REPLACE_ME - BOOK_B,Index,-1559140,107418,-1559140,107418,-1278494.8,88082.76,-1839785.2,126753.24,-17150.54,1181.6,124731.2,-8593.44,-545699,37596.3
credit/vega,FAKE_REPLACE_ME - iTraxx Main Vol,FAKE_REPLACE_ME - 1M,,FAKE_REPLACE_ME - BOOK_C,Index,4541399,49357,4541399,49357,3723947.18,40472.74,5358850.82,58241.26,49955.39,542.93,-363311.92,-3948.56,1589489.65,17274.95
credit/vega,FAKE_REPLACE_ME - iTraxx Main Vol,FAKE_REPLACE_ME - 1M,,FAKE_REPLACE_ME - BOOK_D,Index,593758,122220,593758,122220,486881.56,100220.4,700634.44,144219.6,6531.34,1344.42,-47500.64,-9777.6,207815.3,42777
credit/vega,FAKE_REPLACE_ME - iTraxx Main Vol,FAKE_REPLACE_ME - 1M,,FAKE_REPLACE_ME - BOOK_E,Index,4908913,-355072,4908913,-355072,4025308.66,-291159.04,5792517.34,-418984.96,53998.04,-3905.79,-392713.04,28405.76,1718119.55,-124275.2
credit/vega,FAKE_REPLACE_ME - iTraxx Main Vol,FAKE_REPLACE_ME - 1M,,FAKE_REPLACE_ME - BOOK_UNMAPPED,Index,4921536,-65723,4921536,-65723,4035659.52,-53892.86,5807412.48,-77553.14,54136.9,-722.95,-393722.88,5257.84,1722537.6,-23003.05
credit/vega,FAKE_REPLACE_ME - iTraxx Main Vol,FAKE_REPLACE_ME - 3M,,FAKE_REPLACE_ME - BOOK_A,Index,592403,302150,592403,302150,485770.46,247763,699035.54,356537,6516.43,3323.65,-47392.24,-24172,207341.05,105752.5
credit/vega,FAKE_REPLACE_ME - iTraxx Main Vol,FAKE_REPLACE_ME - 3M,,FAKE_REPLACE_ME - BOOK_B,Index,4858702,-222077,4858702,-222077,3984135.64,-182103.14,5733268.36,-262050.86,53445.72,-2442.85,-388696.16,17766.16,1700545.7,-77726.95
credit/vega,FAKE_REPLACE_ME - iTraxx Main Vol,FAKE_REPLACE_ME - 3M,,FAKE_REPLACE_ME - BOOK_C,Index,4759553,-451593,4759553,-451593,3902833.46,-370306.26,5616272.54,-532879.74,52355.08,-4967.52,-380764.24,36127.44,1665843.55,-158057.55
credit/vega,FAKE_REPLACE_ME - iTraxx Main Vol,FAKE_REPLACE_ME - 3M,,FAKE_REPLACE_ME - BOOK_D,Index,3595018,-436504,3595018,-436504,2947914.76,-357933.28,4242121.24,-515074.72,39545.2,-4801.54,-287601.44,34920.32,1258256.3,-152776.4
credit/vega,FAKE_REPLACE_ME - iTraxx Main Vol,FAKE_REPLACE_ME - 3M,,FAKE_REPLACE_ME - BOOK_E,Index,4170832,-529742,4170832,-529742,3420082.24,-434388.44,4921581.76,-625095.56,45879.15,-5827.16,-333666.56,42379.36,1459791.2,-185409.7
credit/vega,FAKE_REPLACE_ME - iTraxx Main Vol,FAKE_REPLACE_ME - 3M,,FAKE_REPLACE_ME - BOOK_UNMAPPED,Index,4268808,-542099,4268808,-542099,3500422.56,-444521.18,5037193.44,-639676.82,46956.89,-5963.09,-341504.64,43367.92,1494082.8,-189734.65
credit/vega,FAKE_REPLACE_ME - iTraxx Main Vol,FAKE_REPLACE_ME - 6M,,FAKE_REPLACE_ME - BOOK_A,Index,2893439,277200,2893439,277200,2372619.98,227304,3414258.02,327096,31827.83,3049.2,-231475.12,-22176,1012703.65,97020
credit/vega,FAKE_REPLACE_ME - iTraxx Main Vol,FAKE_REPLACE_ME - 6M,,FAKE_REPLACE_ME - BOOK_B,Index,-4489728,-222249,-4489728,-222249,-3681576.96,-182244.18,-5297879.04,-262253.82,-49387.01,-2444.74,359178.24,17779.92,-1571404.8,-77787.15
credit/vega,FAKE_REPLACE_ME - iTraxx Main Vol,FAKE_REPLACE_ME - 6M,,FAKE_REPLACE_ME - BOOK_C,Index,4831711,-125522,4831711,-125522,3962003.02,-102928.04,5701418.98,-148115.96,53148.82,-1380.74,-386536.88,10041.76,1691098.85,-43932.7
credit/vega,FAKE_REPLACE_ME - iTraxx Main Vol,FAKE_REPLACE_ME - 6M,,FAKE_REPLACE_ME - BOOK_D,Index,-4055645,356544,-4055645,356544,-3325628.9,292366.08,-4785661.1,420721.92,-44612.09,3921.98,324451.6,-28523.52,-1419475.75,124790.4
credit/vega,FAKE_REPLACE_ME - iTraxx Main Vol,FAKE_REPLACE_ME - 6M,,FAKE_REPLACE_ME - BOOK_E,Index,754167,239513,754167,239513,618416.94,196400.66,889917.06,282625.34,8295.84,2634.64,-60333.36,-19161.04,263958.45,83829.55
credit/vega,FAKE_REPLACE_ME - iTraxx Main Vol,FAKE_REPLACE_ME - 6M,,FAKE_REPLACE_ME - BOOK_UNMAPPED,Index,-901856,92928,-901856,92928,-739521.92,76200.96,-1064190.08,109655.04,-9920.42,1022.21,72148.48,-7434.24,-315649.6,32524.8
credit/vega,FAKE_REPLACE_ME - Ford CDS Vol,FAKE_REPLACE_ME - 1M,,FAKE_REPLACE_ME - BOOK_A,Single Name,-2025047,21178,-2025047,21178,-1660538.54,17365.96,-2389555.46,24990.04,-22275.52,232.96,162003.76,-1694.24,-708766.45,7412.3
credit/vega,FAKE_REPLACE_ME - Ford CDS Vol,FAKE_REPLACE_ME - 1M,,FAKE_REPLACE_ME - BOOK_B,Single Name,452907,-145449,452907,-145449,371383.74,-119268.18,534430.26,-171629.82,4981.98,-1599.94,-36232.56,11635.92,158517.45,-50907.15
credit/vega,FAKE_REPLACE_ME - Ford CDS Vol,FAKE_REPLACE_ME - 1M,,FAKE_REPLACE_ME - BOOK_C,Single Name,807329,-125167,807329,-125167,662009.78,-102636.94,952648.22,-147697.06,8880.62,-1376.84,-64586.32,10013.36,282565.15,-43808.45
credit/vega,FAKE_REPLACE_ME - Ford CDS Vol,FAKE_REPLACE_ME - 1M,,FAKE_REPLACE_ME - BOOK_D,Single Name,3298009,-289374,3298009,-289374,2704367.38,-237286.68,3891650.62,-341461.32,36278.1,-3183.11,-263840.72,23149.92,1154303.15,-101280.9
credit/vega,FAKE_REPLACE_ME - Ford CDS Vol,FAKE_REPLACE_ME - 1M,,FAKE_REPLACE_ME - BOOK_E,Single Name,-1545277,123817,-1545277,123817,-1267127.14,101529.94,-1823426.86,146104.06,-16998.05,1361.99,123622.16,-9905.36,-540846.95,43335.95
credit/vega,FAKE_REPLACE_ME - Ford CDS Vol,FAKE_REPLACE_ME - 1M,,FAKE_REPLACE_ME - BOOK_UNMAPPED,Single Name,2243218,42974,2243218,42974,1839438.76,35238.68,2646997.24,50709.32,24675.4,472.71,-179457.44,-3437.92,785126.3,15040.9
credit/vega,FAKE_REPLACE_ME - Ford CDS Vol,FAKE_REPLACE_ME - 3M,,FAKE_REPLACE_ME - BOOK_A,Single Name,-4287435,-236054,-4287435,-236054,-3515696.7,-193564.28,-5059173.3,-278543.72,-47161.78,-2596.59,342994.8,18884.32,-1500602.25,-82618.9
credit/vega,FAKE_REPLACE_ME - Ford CDS Vol,FAKE_REPLACE_ME - 3M,,FAKE_REPLACE_ME - BOOK_B,Single Name,-4576653,-381656,-4576653,-381656,-3752855.46,-312957.92,-5400450.54,-450354.08,-50343.18,-4198.22,366132.24,30532.48,-1601828.55,-133579.6
credit/vega,FAKE_REPLACE_ME - Ford CDS Vol,FAKE_REPLACE_ME - 3M,,FAKE_REPLACE_ME - BOOK_C,Single Name,4321431,-247861,4321431,-247861,3543573.42,-203246.02,5099288.58,-292475.98,47535.74,-2726.47,-345714.48,19828.88,1512500.85,-86751.35
credit/vega,FAKE_REPLACE_ME - Ford CDS Vol,FAKE_REPLACE_ME - 3M,,FAKE_REPLACE_ME - BOOK_D,Single Name,1998559,-262312,1998559,-262312,1638818.38,-215095.84,2358299.62,-309528.16,21984.15,-2885.43,-159884.72,20984.96,699495.65,-91809.2
credit/vega,FAKE_REPLACE_ME - Ford CDS Vol,FAKE_REPLACE_ME - 3M,,FAKE_REPLACE_ME - BOOK_E,Single Name,4356512,-131833,4356512,-131833,3572339.84,-108103.06,5140684.16,-155562.94,47921.63,-1450.16,-348520.96,10546.64,1524779.2,-46141.55
credit/vega,FAKE_REPLACE_ME - Ford CDS Vol,FAKE_REPLACE_ME - 3M,,FAKE_REPLACE_ME - BOOK_UNMAPPED,Single Name,863549,-27299,863549,-27299,708110.18,-22385.18,1018987.82,-32212.82,9499.04,-300.29,-69083.92,2183.92,302242.15,-9554.65
credit/vega,FAKE_REPLACE_ME - Ford CDS Vol,FAKE_REPLACE_ME - 6M,,FAKE_REPLACE_ME - BOOK_A,Single Name,2432894,-196806,2432894,-196806,1994973.08,-161380.92,2870814.92,-232231.08,26761.83,-2164.87,-194631.52,15744.48,851512.9,-68882.1
credit/vega,FAKE_REPLACE_ME - Ford CDS Vol,FAKE_REPLACE_ME - 6M,,FAKE_REPLACE_ME - BOOK_B,Single Name,-956283,-358232,-956283,-358232,-784152.06,-293750.24,-1128413.94,-422713.76,-10519.11,-3940.55,76502.64,28658.56,-334699.05,-125381.2
credit/vega,FAKE_REPLACE_ME - Ford CDS Vol,FAKE_REPLACE_ME - 6M,,FAKE_REPLACE_ME - BOOK_C,Single Name,-917735,480520,-917735,480520,-752542.7,394026.4,-1082927.3,567013.6,-10095.08,5285.72,73418.8,-38441.6,-321207.25,168182
credit/vega,FAKE_REPLACE_ME - Ford CDS Vol,FAKE_REPLACE_ME - 6M,,FAKE_REPLACE_ME - BOOK_D,Single Name,-3356944,-135832,-3356944,-135832,-2752694.08,-111382.24,-3961193.92,-160281.76,-36926.38,-1494.15,268555.52,10866.56,-1174930.4,-47541.2
credit/vega,FAKE_REPLACE_ME - Ford CDS Vol,FAKE_REPLACE_ME - 6M,,FAKE_REPLACE_ME - BOOK_E,Single Name,-3884568,236501,-3884568,236501,-3185345.76,193930.82,-4583790.24,279071.18,-42730.25,2601.51,310765.44,-18920.08,-1359598.8,82775.35
credit/vega,FAKE_REPLACE_ME - Ford CDS Vol,FAKE_REPLACE_ME - 6M,,FAKE_REPLACE_ME - BOOK_UNMAPPED,Single Name,2316762,173368,2316762,173368,1899744.84,142161.76,2733779.16,204574.24,25484.38,1907.05,-185340.96,-13869.44,810866.7,60678.8
commo/delta,FAKE_REPLACE_ME - Brent,FAKE_REPLACE_ME - 1M,,FAKE_REPLACE_ME - BOOK_A,Oil,-1617181,375899,,,,,,,,,,,,
commo/delta,FAKE_REPLACE_ME - Brent,FAKE_REPLACE_ME - 1M,,FAKE_REPLACE_ME - BOOK_B,Oil,-3439128,184361,,,,,,,,,,,,
commo/delta,FAKE_REPLACE_ME - Brent,FAKE_REPLACE_ME - 1M,,FAKE_REPLACE_ME - BOOK_C,Oil,938820,448640,,,,,,,,,,,,
commo/delta,FAKE_REPLACE_ME - Brent,FAKE_REPLACE_ME - 1M,,FAKE_REPLACE_ME - BOOK_D,Oil,758213,-140363,,,,,,,,,,,,
commo/delta,FAKE_REPLACE_ME - Brent,FAKE_REPLACE_ME - 1M,,FAKE_REPLACE_ME - BOOK_E,Oil,1177931,-333758,,,,,,,,,,,,
commo/delta,FAKE_REPLACE_ME - Brent,FAKE_REPLACE_ME - 1M,,FAKE_REPLACE_ME - BOOK_UNMAPPED,Oil,4840384,-431204,,,,,,,,,,,,
commo/delta,FAKE_REPLACE_ME - Brent,FAKE_REPLACE_ME - 3M,,FAKE_REPLACE_ME - BOOK_A,Oil,-1014551,353434,,,,,,,,,,,,
commo/delta,FAKE_REPLACE_ME - Brent,FAKE_REPLACE_ME - 3M,,FAKE_REPLACE_ME - BOOK_B,Oil,-3344864,110864,,,,,,,,,,,,
commo/delta,FAKE_REPLACE_ME - Brent,FAKE_REPLACE_ME - 3M,,FAKE_REPLACE_ME - BOOK_C,Oil,1587546,-26113,,,,,,,,,,,,
commo/delta,FAKE_REPLACE_ME - Brent,FAKE_REPLACE_ME - 3M,,FAKE_REPLACE_ME - BOOK_D,Oil,4890282,169760,,,,,,,,,,,,
commo/delta,FAKE_REPLACE_ME - Brent,FAKE_REPLACE_ME - 3M,,FAKE_REPLACE_ME - BOOK_E,Oil,367762,-314973,,,,,,,,,,,,
commo/delta,FAKE_REPLACE_ME - Brent,FAKE_REPLACE_ME - 3M,,FAKE_REPLACE_ME - BOOK_UNMAPPED,Oil,3908390,-352337,,,,,,,,,,,,
commo/delta,FAKE_REPLACE_ME - Brent,FAKE_REPLACE_ME - 6M,,FAKE_REPLACE_ME - BOOK_A,Oil,2601115,-230778,,,,,,,,,,,,
commo/delta,FAKE_REPLACE_ME - Brent,FAKE_REPLACE_ME - 6M,,FAKE_REPLACE_ME - BOOK_B,Oil,2532716,-335559,,,,,,,,,,,,
commo/delta,FAKE_REPLACE_ME - Brent,FAKE_REPLACE_ME - 6M,,FAKE_REPLACE_ME - BOOK_C,Oil,358903,-129755,,,,,,,,,,,,
commo/delta,FAKE_REPLACE_ME - Brent,FAKE_REPLACE_ME - 6M,,FAKE_REPLACE_ME - BOOK_D,Oil,-1451538,-305219,,,,,,,,,,,,
commo/delta,FAKE_REPLACE_ME - Brent,FAKE_REPLACE_ME - 6M,,FAKE_REPLACE_ME - BOOK_E,Oil,-2579742,-475550,,,,,,,,,,,,
commo/delta,FAKE_REPLACE_ME - Brent,FAKE_REPLACE_ME - 6M,,FAKE_REPLACE_ME - BOOK_UNMAPPED,Oil,-753394,-109160,,,,,,,,,,,,
commo/delta,FAKE_REPLACE_ME - Gold,FAKE_REPLACE_ME - 1M,,FAKE_REPLACE_ME - BOOK_A,Precious,3844887,173789,,,,,,,,,,,,
commo/delta,FAKE_REPLACE_ME - Gold,FAKE_REPLACE_ME - 1M,,FAKE_REPLACE_ME - BOOK_B,Precious,979591,118171,,,,,,,,,,,,
commo/delta,FAKE_REPLACE_ME - Gold,FAKE_REPLACE_ME - 1M,,FAKE_REPLACE_ME - BOOK_C,Precious,2302649,-38173,,,,,,,,,,,,
commo/delta,FAKE_REPLACE_ME - Gold,FAKE_REPLACE_ME - 1M,,FAKE_REPLACE_ME - BOOK_D,Precious,-3377427,-543175,,,,,,,,,,,,
commo/delta,FAKE_REPLACE_ME - Gold,FAKE_REPLACE_ME - 1M,,FAKE_REPLACE_ME - BOOK_E,Precious,-3500106,-317129,,,,,,,,,,,,
commo/delta,FAKE_REPLACE_ME - Gold,FAKE_REPLACE_ME - 1M,,FAKE_REPLACE_ME - BOOK_UNMAPPED,Precious,4473101,-503960,,,,,,,,,,,,
commo/delta,FAKE_REPLACE_ME - Gold,FAKE_REPLACE_ME - 3M,,FAKE_REPLACE_ME - BOOK_A,Precious,321934,-69587,,,,,,,,,,,,
commo/delta,FAKE_REPLACE_ME - Gold,FAKE_REPLACE_ME - 3M,,FAKE_REPLACE_ME - BOOK_B,Precious,-1092873,-415900,,,,,,,,,,,,
commo/delta,FAKE_REPLACE_ME - Gold,FAKE_REPLACE_ME - 3M,,FAKE_REPLACE_ME - BOOK_C,Precious,1666792,212736,,,,,,,,,,,,
commo/delta,FAKE_REPLACE_ME - Gold,FAKE_REPLACE_ME - 3M,,FAKE_REPLACE_ME - BOOK_D,Precious,-921244,369964,,,,,,,,,,,,
commo/delta,FAKE_REPLACE_ME - Gold,FAKE_REPLACE_ME - 3M,,FAKE_REPLACE_ME - BOOK_E,Precious,4981368,-341000,,,,,,,,,,,,
commo/delta,FAKE_REPLACE_ME - Gold,FAKE_REPLACE_ME - 3M,,FAKE_REPLACE_ME - BOOK_UNMAPPED,Precious,2335410,498094,,,,,,,,,,,,
commo/delta,FAKE_REPLACE_ME - Gold,FAKE_REPLACE_ME - 6M,,FAKE_REPLACE_ME - BOOK_A,Precious,-4456588,-179854,,,,,,,,,,,,
commo/delta,FAKE_REPLACE_ME - Gold,FAKE_REPLACE_ME - 6M,,FAKE_REPLACE_ME - BOOK_B,Precious,4855643,57852,,,,,,,,,,,,
commo/delta,FAKE_REPLACE_ME - Gold,FAKE_REPLACE_ME - 6M,,FAKE_REPLACE_ME - BOOK_C,Precious,4901440,-535455,,,,,,,,,,,,
commo/delta,FAKE_REPLACE_ME - Gold,FAKE_REPLACE_ME - 6M,,FAKE_REPLACE_ME - BOOK_D,Precious,1154363,397194,,,,,,,,,,,,
commo/delta,FAKE_REPLACE_ME - Gold,FAKE_REPLACE_ME - 6M,,FAKE_REPLACE_ME - BOOK_E,Precious,-4054574,-21654,,,,,,,,,,,,
commo/delta,FAKE_REPLACE_ME - Gold,FAKE_REPLACE_ME - 6M,,FAKE_REPLACE_ME - BOOK_UNMAPPED,Precious,3170635,47020,,,,,,,,,,,,
commo/delta,FAKE_REPLACE_ME - TTF Gas,FAKE_REPLACE_ME - 1M,,FAKE_REPLACE_ME - BOOK_A,Gas,3547113,-232529,,,,,,,,,,,,
commo/delta,FAKE_REPLACE_ME - TTF Gas,FAKE_REPLACE_ME - 1M,,FAKE_REPLACE_ME - BOOK_B,Gas,3641963,72005,,,,,,,,,,,,
commo/delta,FAKE_REPLACE_ME - TTF Gas,FAKE_REPLACE_ME - 1M,,FAKE_REPLACE_ME - BOOK_C,Gas,2983133,-113075,,,,,,,,,,,,
commo/delta,FAKE_REPLACE_ME - TTF Gas,FAKE_REPLACE_ME - 1M,,FAKE_REPLACE_ME - BOOK_D,Gas,-4527308,-52310,,,,,,,,,,,,
commo/delta,FAKE_REPLACE_ME - TTF Gas,FAKE_REPLACE_ME - 1M,,FAKE_REPLACE_ME - BOOK_E,Gas,4386526,12011,,,,,,,,,,,,
commo/delta,FAKE_REPLACE_ME - TTF Gas,FAKE_REPLACE_ME - 1M,,FAKE_REPLACE_ME - BOOK_UNMAPPED,Gas,-700921,-535454,,,,,,,,,,,,
commo/delta,FAKE_REPLACE_ME - TTF Gas,FAKE_REPLACE_ME - 3M,,FAKE_REPLACE_ME - BOOK_A,Gas,-1109034,-97456,,,,,,,,,,,,
commo/delta,FAKE_REPLACE_ME - TTF Gas,FAKE_REPLACE_ME - 3M,,FAKE_REPLACE_ME - BOOK_B,Gas,3327702,286495,,,,,,,,,,,,
commo/delta,FAKE_REPLACE_ME - TTF Gas,FAKE_REPLACE_ME - 3M,,FAKE_REPLACE_ME - BOOK_C,Gas,2140301,-194499,,,,,,,,,,,,
commo/delta,FAKE_REPLACE_ME - TTF Gas,FAKE_REPLACE_ME - 3M,,FAKE_REPLACE_ME - BOOK_D,Gas,556194,-203492,,,,,,,,,,,,
commo/delta,FAKE_REPLACE_ME - TTF Gas,FAKE_REPLACE_ME - 3M,,FAKE_REPLACE_ME - BOOK_E,Gas,3168562,147053,,,,,,,,,,,,
commo/delta,FAKE_REPLACE_ME - TTF Gas,FAKE_REPLACE_ME - 3M,,FAKE_REPLACE_ME - BOOK_UNMAPPED,Gas,-449238,-79009,,,,,,,,,,,,
commo/delta,FAKE_REPLACE_ME - TTF Gas,FAKE_REPLACE_ME - 6M,,FAKE_REPLACE_ME - BOOK_A,Gas,-1253127,515158,,,,,,,,,,,,
commo/delta,FAKE_REPLACE_ME - TTF Gas,FAKE_REPLACE_ME - 6M,,FAKE_REPLACE_ME - BOOK_B,Gas,4665417,171655,,,,,,,,,,,,
commo/delta,FAKE_REPLACE_ME - TTF Gas,FAKE_REPLACE_ME - 6M,,FAKE_REPLACE_ME - BOOK_C,Gas,-859123,-20898,,,,,,,,,,,,
commo/delta,FAKE_REPLACE_ME - TTF Gas,FAKE_REPLACE_ME - 6M,,FAKE_REPLACE_ME - BOOK_D,Gas,-2934153,508474,,,,,,,,,,,,
commo/delta,FAKE_REPLACE_ME - TTF Gas,FAKE_REPLACE_ME - 6M,,FAKE_REPLACE_ME - BOOK_E,Gas,1870554,-270165,,,,,,,,,,,,
commo/delta,FAKE_REPLACE_ME - TTF Gas,FAKE_REPLACE_ME - 6M,,FAKE_REPLACE_ME - BOOK_UNMAPPED,Gas,-3273393,207662,,,,,,,,,,,,
commo/vega,FAKE_REPLACE_ME - Brent Vol,FAKE_REPLACE_ME - 1M,,FAKE_REPLACE_ME - BOOK_A,Oil,-4709512,-85113,,,,,,,,,,,,
commo/vega,FAKE_REPLACE_ME - Brent Vol,FAKE_REPLACE_ME - 1M,,FAKE_REPLACE_ME - BOOK_B,Oil,-2147193,-147334,,,,,,,,,,,,
commo/vega,FAKE_REPLACE_ME - Brent Vol,FAKE_REPLACE_ME - 1M,,FAKE_REPLACE_ME - BOOK_C,Oil,725544,-95165,,,,,,,,,,,,
commo/vega,FAKE_REPLACE_ME - Brent Vol,FAKE_REPLACE_ME - 1M,,FAKE_REPLACE_ME - BOOK_D,Oil,-4174066,303176,,,,,,,,,,,,
commo/vega,FAKE_REPLACE_ME - Brent Vol,FAKE_REPLACE_ME - 1M,,FAKE_REPLACE_ME - BOOK_E,Oil,594031,-183494,,,,,,,,,,,,
commo/vega,FAKE_REPLACE_ME - Brent Vol,FAKE_REPLACE_ME - 1M,,FAKE_REPLACE_ME - BOOK_UNMAPPED,Oil,1505072,-515310,,,,,,,,,,,,
commo/vega,FAKE_REPLACE_ME - Brent Vol,FAKE_REPLACE_ME - 3M,,FAKE_REPLACE_ME - BOOK_A,Oil,3299664,-44069,,,,,,,,,,,,
commo/vega,FAKE_REPLACE_ME - Brent Vol,FAKE_REPLACE_ME - 3M,,FAKE_REPLACE_ME - BOOK_B,Oil,2833235,-267405,,,,,,,,,,,,
commo/vega,FAKE_REPLACE_ME - Brent Vol,FAKE_REPLACE_ME - 3M,,FAKE_REPLACE_ME - BOOK_C,Oil,3215957,-332186,,,,,,,,,,,,
commo/vega,FAKE_REPLACE_ME - Brent Vol,FAKE_REPLACE_ME - 3M,,FAKE_REPLACE_ME - BOOK_D,Oil,2559601,-387795,,,,,,,,,,,,
commo/vega,FAKE_REPLACE_ME - Brent Vol,FAKE_REPLACE_ME - 3M,,FAKE_REPLACE_ME - BOOK_E,Oil,2903836,179173,,,,,,,,,,,,
commo/vega,FAKE_REPLACE_ME - Brent Vol,FAKE_REPLACE_ME - 3M,,FAKE_REPLACE_ME - BOOK_UNMAPPED,Oil,2191722,66207,,,,,,,,,,,,
commo/vega,FAKE_REPLACE_ME - Brent Vol,FAKE_REPLACE_ME - 6M,,FAKE_REPLACE_ME - BOOK_A,Oil,3284914,-498108,,,,,,,,,,,,
commo/vega,FAKE_REPLACE_ME - Brent Vol,FAKE_REPLACE_ME - 6M,,FAKE_REPLACE_ME - BOOK_B,Oil,-3279170,444894,,,,,,,,,,,,
commo/vega,FAKE_REPLACE_ME - Brent Vol,FAKE_REPLACE_ME - 6M,,FAKE_REPLACE_ME - BOOK_C,Oil,3810700,-428089,,,,,,,,,,,,
commo/vega,FAKE_REPLACE_ME - Brent Vol,FAKE_REPLACE_ME - 6M,,FAKE_REPLACE_ME - BOOK_D,Oil,-992354,266863,,,,,,,,,,,,
commo/vega,FAKE_REPLACE_ME - Brent Vol,FAKE_REPLACE_ME - 6M,,FAKE_REPLACE_ME - BOOK_E,Oil,-3422218,505705,,,,,,,,,,,,
commo/vega,FAKE_REPLACE_ME - Brent Vol,FAKE_REPLACE_ME - 6M,,FAKE_REPLACE_ME - BOOK_UNMAPPED,Oil,2539321,-47424,,,,,,,,,,,,
commo/vega,FAKE_REPLACE_ME - Gold Vol,FAKE_REPLACE_ME - 1M,,FAKE_REPLACE_ME - BOOK_A,Precious,4882851,120672,,,,,,,,,,,,
commo/vega,FAKE_REPLACE_ME - Gold Vol,FAKE_REPLACE_ME - 1M,,FAKE_REPLACE_ME - BOOK_B,Precious,-3319846,56657,,,,,,,,,,,,
commo/vega,FAKE_REPLACE_ME - Gold Vol,FAKE_REPLACE_ME - 1M,,FAKE_REPLACE_ME - BOOK_C,Precious,-825530,50993,,,,,,,,,,,,
commo/vega,FAKE_REPLACE_ME - Gold Vol,FAKE_REPLACE_ME - 1M,,FAKE_REPLACE_ME - BOOK_D,Precious,-471610,-503124,,,,,,,,,,,,
commo/vega,FAKE_REPLACE_ME - Gold Vol,FAKE_REPLACE_ME - 1M,,FAKE_REPLACE_ME - BOOK_E,Precious,1736085,-493850,,,,,,,,,,,,
commo/vega,FAKE_REPLACE_ME - Gold Vol,FAKE_REPLACE_ME - 1M,,FAKE_REPLACE_ME - BOOK_UNMAPPED,Precious,596432,-82312,,,,,,,,,,,,
commo/vega,FAKE_REPLACE_ME - Gold Vol,FAKE_REPLACE_ME - 3M,,FAKE_REPLACE_ME - BOOK_A,Precious,537016,271579,,,,,,,,,,,,
commo/vega,FAKE_REPLACE_ME - Gold Vol,FAKE_REPLACE_ME - 3M,,FAKE_REPLACE_ME - BOOK_B,Precious,-1685444,-425546,,,,,,,,,,,,
commo/vega,FAKE_REPLACE_ME - Gold Vol,FAKE_REPLACE_ME - 3M,,FAKE_REPLACE_ME - BOOK_C,Precious,4440814,511026,,,,,,,,,,,,
commo/vega,FAKE_REPLACE_ME - Gold Vol,FAKE_REPLACE_ME - 3M,,FAKE_REPLACE_ME - BOOK_D,Precious,3142406,-124293,,,,,,,,,,,,
commo/vega,FAKE_REPLACE_ME - Gold Vol,FAKE_REPLACE_ME - 3M,,FAKE_REPLACE_ME - BOOK_E,Precious,2787048,172404,,,,,,,,,,,,
commo/vega,FAKE_REPLACE_ME - Gold Vol,FAKE_REPLACE_ME - 3M,,FAKE_REPLACE_ME - BOOK_UNMAPPED,Precious,838220,50187,,,,,,,,,,,,
commo/vega,FAKE_REPLACE_ME - Gold Vol,FAKE_REPLACE_ME - 6M,,FAKE_REPLACE_ME - BOOK_A,Precious,-2239500,-92428,,,,,,,,,,,,
commo/vega,FAKE_REPLACE_ME - Gold Vol,FAKE_REPLACE_ME - 6M,,FAKE_REPLACE_ME - BOOK_B,Precious,-4830627,-349938,,,,,,,,,,,,
commo/vega,FAKE_REPLACE_ME - Gold Vol,FAKE_REPLACE_ME - 6M,,FAKE_REPLACE_ME - BOOK_C,Precious,444835,-355349,,,,,,,,,,,,
commo/vega,FAKE_REPLACE_ME - Gold Vol,FAKE_REPLACE_ME - 6M,,FAKE_REPLACE_ME - BOOK_D,Precious,-1976952,-77061,,,,,,,,,,,,
commo/vega,FAKE_REPLACE_ME - Gold Vol,FAKE_REPLACE_ME - 6M,,FAKE_REPLACE_ME - BOOK_E,Precious,800502,-29502,,,,,,,,,,,,
commo/vega,FAKE_REPLACE_ME - Gold Vol,FAKE_REPLACE_ME - 6M,,FAKE_REPLACE_ME - BOOK_UNMAPPED,Precious,2942680,121374,,,,,,,,,,,,
commo/vega,FAKE_REPLACE_ME - TTF Gas Vol,FAKE_REPLACE_ME - 1M,,FAKE_REPLACE_ME - BOOK_A,Gas,-4689689,-260671,,,,,,,,,,,,
commo/vega,FAKE_REPLACE_ME - TTF Gas Vol,FAKE_REPLACE_ME - 1M,,FAKE_REPLACE_ME - BOOK_B,Gas,4587040,-431434,,,,,,,,,,,,
commo/vega,FAKE_REPLACE_ME - TTF Gas Vol,FAKE_REPLACE_ME - 1M,,FAKE_REPLACE_ME - BOOK_C,Gas,4923022,-126551,,,,,,,,,,,,
commo/vega,FAKE_REPLACE_ME - TTF Gas Vol,FAKE_REPLACE_ME - 1M,,FAKE_REPLACE_ME - BOOK_D,Gas,2656542,427313,,,,,,,,,,,,
commo/vega,FAKE_REPLACE_ME - TTF Gas Vol,FAKE_REPLACE_ME - 1M,,FAKE_REPLACE_ME - BOOK_E,Gas,908926,29001,,,,,,,,,,,,
commo/vega,FAKE_REPLACE_ME - TTF Gas Vol,FAKE_REPLACE_ME - 1M,,FAKE_REPLACE_ME - BOOK_UNMAPPED,Gas,3107281,278160,,,,,,,,,,,,
commo/vega,FAKE_REPLACE_ME - TTF Gas Vol,FAKE_REPLACE_ME - 3M,,FAKE_REPLACE_ME - BOOK_A,Gas,793558,179461,,,,,,,,,,,,
commo/vega,FAKE_REPLACE_ME - TTF Gas Vol,FAKE_REPLACE_ME - 3M,,FAKE_REPLACE_ME - BOOK_B,Gas,2164690,144912,,,,,,,,,,,,
commo/vega,FAKE_REPLACE_ME - TTF Gas Vol,FAKE_REPLACE_ME - 3M,,FAKE_REPLACE_ME - BOOK_C,Gas,-1836004,505826,,,,,,,,,,,,
commo/vega,FAKE_REPLACE_ME - TTF Gas Vol,FAKE_REPLACE_ME - 3M,,FAKE_REPLACE_ME - BOOK_D,Gas,1866723,482336,,,,,,,,,,,,
commo/vega,FAKE_REPLACE_ME - TTF Gas Vol,FAKE_REPLACE_ME - 3M,,FAKE_REPLACE_ME - BOOK_E,Gas,547102,-297598,,,,,,,,,,,,
commo/vega,FAKE_REPLACE_ME - TTF Gas Vol,FAKE_REPLACE_ME - 3M,,FAKE_REPLACE_ME - BOOK_UNMAPPED,Gas,3510980,332589,,,,,,,,,,,,
commo/vega,FAKE_REPLACE_ME - TTF Gas Vol,FAKE_REPLACE_ME - 6M,,FAKE_REPLACE_ME - BOOK_A,Gas,3744726,221829,,,,,,,,,,,,
commo/vega,FAKE_REPLACE_ME - TTF Gas Vol,FAKE_REPLACE_ME - 6M,,FAKE_REPLACE_ME - BOOK_B,Gas,-4139374,110322,,,,,,,,,,,,
commo/vega,FAKE_REPLACE_ME - TTF Gas Vol,FAKE_REPLACE_ME - 6M,,FAKE_REPLACE_ME - BOOK_C,Gas,1617922,331892,,,,,,,,,,,,
commo/vega,FAKE_REPLACE_ME - TTF Gas Vol,FAKE_REPLACE_ME - 6M,,FAKE_REPLACE_ME - BOOK_D,Gas,1016844,490948,,,,,,,,,,,,
commo/vega,FAKE_REPLACE_ME - TTF Gas Vol,FAKE_REPLACE_ME - 6M,,FAKE_REPLACE_ME - BOOK_E,Gas,1582371,487206,,,,,,,,,,,,
commo/vega,FAKE_REPLACE_ME - TTF Gas Vol,FAKE_REPLACE_ME - 6M,,FAKE_REPLACE_ME - BOOK_UNMAPPED,Gas,-407822,-378391,,,,,,,,,,,,
